,Date,Open,High,Low,Close,Volume,Signal
0,2014-10-30,1979.49,1999.4,1974.75,1994.65,3586150000,1.0
1,2014-10-31,2001.2,2018.19,2001.2,2018.05,4292290000,2.0
2,2014-11-03,2018.21,2024.46,2013.68,2017.81,3555440000,2.0
3,2014-11-04,2015.81,2015.98,2001.01,2012.1,3956260000,1.0
4,2014-11-05,2015.29,2023.77,2014.42,2023.57,3766590000,1.0
5,2014-11-06,2023.33,2031.61,2015.86,2031.21,3669770000,1.0
6,2014-11-07,2032.36,2034.26,2025.07,2031.92,3704280000,1.0
7,2014-11-10,2032.01,2038.7,2030.17,2038.26,3284940000,1.0
8,2014-11-11,2038.2,2041.28,2035.28,2039.68,2958320000,2.0
9,2014-11-12,2037.75,2040.33,2031.95,2038.25,3246650000,1.0
10,2014-11-13,2039.21,2046.18,2030.44,2039.33,3455270000,1.0
11,2014-11-14,2039.74,2042.22,2035.2,2039.82,3227130000,1.0
12,2014-11-17,2038.29,2043.07,2034.46,2041.32,3152890000,1.0
13,2014-11-18,2041.48,2056.08,2041.48,2051.8,3416190000,2.0
14,2014-11-19,2051.16,2052.14,2040.37,2048.72,3390850000,1.0
15,2014-11-20,2045.87,2053.84,2040.49,2052.75,3128290000,1.0
16,2014-11-21,2057.46,2071.46,2056.75,2063.5,3916420000,1.0
17,2014-11-24,2065.07,2070.17,2065.07,2069.41,3128060000,2.0
18,2014-11-25,2070.15,2074.21,2064.75,2067.03,3392940000,1.0
19,2014-11-26,2067.36,2073.29,2066.62,2072.83,2745260000,2.0
20,2014-11-28,2074.78,2075.76,2065.06,2067.56,2504640000,2.0
21,2014-12-01,2065.78,2065.78,2049.57,2053.44,4159010000,1.0
22,2014-12-02,2053.77,2068.77,2053.77,2066.55,3686650000,1.0
23,2014-12-03,2067.45,2076.28,2066.65,2074.33,3612680000,2.0
24,2014-12-04,2073.64,2077.34,2062.34,2071.92,3408340000,1.0
25,2014-12-05,2072.78,2079.47,2070.81,2075.37,3419620000,2.0
26,2014-12-08,2074.84,2075.78,2054.27,2060.31,3800990000,2.0
27,2014-12-09,2056.55,2060.6,2034.17,2059.82,3970150000,2.0
28,2014-12-10,2058.86,2058.86,2024.26,2026.14,4114440000,1.0
29,2014-12-11,2027.92,2055.53,2027.92,2035.33,3917950000,2.0
30,2014-12-12,2030.36,2032.25,2002.33,2002.33,4157650000,2.0
31,2014-12-15,2005.03,2018.69,1982.26,1989.63,4361990000,2.0
32,2014-12-16,1986.71,2016.89,1972.56,1972.74,4958680000,1.0
33,2014-12-17,1973.77,2016.75,1973.77,2012.89,4942370000,1.0
34,2014-12-18,2018.98,2061.23,2018.98,2061.23,4703380000,1.0
35,2014-12-19,2061.04,2077.85,2061.03,2070.65,6465530000,1.0
36,2014-12-22,2069.28,2078.76,2069.28,2078.54,3369520000,1.0
37,2014-12-23,2081.48,2086.73,2079.77,2082.17,3043950000,2.0
38,2014-12-24,2083.25,2087.56,2081.86,2081.88,1416980000,1.0
39,2014-12-26,2084.3,2092.7,2084.3,2088.77,1735230000,1.0
40,2014-12-29,2087.63,2093.55,2085.75,2090.57,2452360000,2.0
41,2014-12-30,2088.49,2088.49,2079.53,2080.35,2440280000,2.0
42,2014-12-31,2082.11,2085.58,2057.94,2058.9,2606070000,2.0
43,2015-01-02,2058.9,2072.36,2046.04,2058.2,2708700000,2.0
44,2015-01-05,2054.44,2054.44,2017.34,2020.58,3799120000,2.0
45,2015-01-06,2022.15,2030.25,1992.44,2002.61,4460110000,1.0
46,2015-01-07,2005.55,2029.61,2005.55,2025.9,3805480000,1.0
47,2015-01-08,2030.61,2064.08,2030.61,2062.14,3934010000,2.0
48,2015-01-09,2063.45,2064.43,2038.33,2044.81,3364140000,2.0
49,2015-01-12,2046.13,2049.3,2022.58,2028.26,3456460000,2.0
50,2015-01-13,2031.58,2056.93,2008.25,2023.03,4107300000,2.0
51,2015-01-14,2018.4,2018.4,1988.44,2011.27,4378680000,2.0
52,2015-01-15,2013.75,2021.35,1991.47,1992.67,4276720000,1.0
53,2015-01-16,1992.25,2020.46,1988.12,2019.42,4056410000,1.0
54,2015-01-20,2020.76,2028.94,2004.49,2022.55,3944340000,1.0
55,2015-01-21,2020.19,2038.29,2012.04,2032.12,3730070000,1.0
56,2015-01-22,2034.3,2064.62,2026.38,2063.15,4176050000,2.0
57,2015-01-23,2062.98,2062.98,2050.54,2051.82,3573560000,1.0
58,2015-01-26,2050.42,2057.62,2040.97,2057.09,3465760000,2.0
59,2015-01-27,2047.86,2047.86,2019.91,2029.55,3329810000,2.0
60,2015-01-28,2032.34,2042.49,2001.49,2002.16,4067530000,1.0
61,2015-01-29,2002.45,2024.64,1989.18,2021.25,4127140000,2.0
62,2015-01-30,2019.35,2023.32,1993.38,1994.99,4568650000,1.0
63,2015-02-02,1996.67,2021.66,1980.9,2020.85,4008330000,1.0
64,2015-02-03,2022.71,2050.3,2022.71,2050.03,4615900000,2.0
65,2015-02-04,2048.86,2054.74,2036.72,2041.51,4141920000,1.0
66,2015-02-05,2043.45,2063.55,2043.45,2062.52,3821990000,2.0
67,2015-02-06,2062.28,2072.4,2049.97,2055.47,4232970000,2.0
68,2015-02-09,2053.47,2056.16,2041.88,2046.74,3549540000,1.0
69,2015-02-10,2049.38,2070.86,2048.62,2068.59,3669850000,2.0
70,2015-02-11,2068.55,2073.48,2057.99,2068.53,3596860000,1.0
71,2015-02-12,2069.98,2088.53,2069.98,2088.48,3788350000,1.0
72,2015-02-13,2088.78,2097.03,2086.7,2096.99,3527450000,1.0
73,2015-02-17,2096.47,2101.3,2089.8,2100.34,3361750000,2.0
74,2015-02-18,2099.16,2100.23,2092.15,2099.68,3370020000,2.0
75,2015-02-19,2099.25,2102.13,2090.79,2097.45,3247100000,1.0
76,2015-02-20,2097.65,2110.61,2085.44,2110.3,3281600000,2.0
77,2015-02-23,2109.83,2110.05,2103.0,2109.66,3093680000,1.0
78,2015-02-24,2109.1,2117.94,2105.87,2115.48,3199840000,2.0
79,2015-02-25,2115.3,2119.59,2109.89,2113.86,3312340000,2.0
80,2015-02-26,2113.91,2113.91,2103.76,2110.74,3408690000,2.0
81,2015-02-27,2110.88,2112.74,2103.75,2104.5,3547380000,1.0
82,2015-03-02,2105.23,2117.52,2104.5,2117.39,3409490000,2.0
83,2015-03-03,2115.76,2115.76,2098.26,2107.78,3262300000,2.0
84,2015-03-04,2107.72,2107.72,2094.49,2098.53,3421110000,1.0
85,2015-03-05,2098.54,2104.25,2095.22,2101.04,3103030000,2.0
86,2015-03-06,2100.91,2100.91,2067.27,2071.26,3853570000,1.0
87,2015-03-09,2072.25,2083.49,2072.21,2079.43,3349090000,2.0
88,2015-03-10,2076.14,2076.14,2044.16,2044.16,3668900000,2.0
89,2015-03-11,2044.69,2050.08,2039.69,2040.24,3406570000,1.0
90,2015-03-12,2041.1,2066.41,2041.1,2065.95,3405860000,2.0
91,2015-03-13,2064.56,2064.56,2041.17,2053.4,3498560000,1.0
92,2015-03-16,2055.35,2081.41,2055.35,2081.19,3295600000,2.0
93,2015-03-17,2080.59,2080.59,2065.08,2074.28,3221840000,1.0
94,2015-03-18,2072.84,2106.85,2061.23,2099.5,4128210000,2.0
95,2015-03-19,2098.69,2098.69,2085.56,2089.27,3305220000,1.0
96,2015-03-20,2090.32,2113.92,2090.32,2108.1,5554120000,2.0
97,2015-03-23,2107.99,2114.86,2104.42,2104.42,3267960000,2.0
98,2015-03-24,2103.94,2107.63,2091.5,2091.5,3189820000,2.0
99,2015-03-25,2093.1,2097.43,2061.05,2061.05,3521140000,2.0
100,2015-03-26,2059.94,2067.15,2045.5,2056.15,3510670000,1.0
101,2015-03-27,2055.78,2062.83,2052.96,2061.02,3008550000,1.0
102,2015-03-30,2064.11,2088.97,2064.11,2086.24,2917690000,2.0
103,2015-03-31,2084.05,2084.05,2067.04,2067.89,3376550000,2.0
104,2015-04-01,2067.63,2067.63,2048.38,2059.69,3543270000,1.0
105,2015-04-02,2060.03,2072.17,2057.32,2066.96,3095960000,1.0
106,2015-04-06,2064.87,2086.99,2056.52,2080.62,3302970000,2.0
107,2015-04-07,2080.79,2089.81,2076.1,2076.33,3065510000,1.0
108,2015-04-08,2076.94,2086.69,2073.3,2081.9,3265330000,1.0
109,2015-04-09,2081.29,2093.31,2074.29,2091.18,3172360000,1.0
110,2015-04-10,2091.51,2102.61,2091.51,2102.06,3156200000,2.0
111,2015-04-13,2102.03,2107.65,2092.33,2092.43,2908420000,1.0
112,2015-04-14,2092.28,2098.62,2083.24,2095.84,3301270000,1.0
113,2015-04-15,2097.82,2111.91,2097.82,2106.63,4013760000,2.0
114,2015-04-16,2105.96,2111.3,2100.02,2104.99,3434120000,2.0
115,2015-04-17,2102.58,2102.58,2072.37,2081.18,3627600000,1.0
116,2015-04-20,2084.11,2103.94,2084.11,2100.4,3000160000,2.0
117,2015-04-21,2102.82,2109.64,2094.38,2097.29,3243410000,1.0
118,2015-04-22,2098.27,2109.98,2091.05,2107.96,3348480000,1.0
119,2015-04-23,2107.21,2120.49,2103.19,2112.93,3636670000,1.0
120,2015-04-24,2112.8,2120.92,2112.8,2117.69,3375780000,2.0
121,2015-04-27,2119.29,2125.92,2107.04,2108.92,3438750000,1.0
122,2015-04-28,2108.35,2116.04,2094.89,2114.76,3546270000,2.0
123,2015-04-29,2112.49,2113.65,2097.41,2106.85,4074970000,2.0
124,2015-04-30,2105.52,2105.52,2077.59,2085.51,4509680000,1.0
125,2015-05-01,2087.38,2108.41,2087.38,2108.29,3379390000,1.0
126,2015-05-04,2110.23,2120.95,2110.23,2114.49,3091580000,2.0
127,2015-05-05,2112.63,2115.24,2088.46,2089.46,3793950000,2.0
128,2015-05-06,2091.26,2098.42,2067.93,2080.15,3792210000,1.0
129,2015-05-07,2079.96,2092.9,2074.99,2088.0,3676640000,1.0
130,2015-05-08,2092.13,2117.66,2092.13,2116.1,3399440000,2.0
131,2015-05-11,2115.56,2117.69,2104.58,2105.33,2992670000,2.0
132,2015-05-12,2102.87,2105.06,2085.57,2099.12,3139520000,2.0
133,2015-05-13,2099.62,2110.19,2096.04,2098.48,3374260000,1.0
134,2015-05-14,2100.43,2121.45,2100.43,2121.1,3225740000,1.0
135,2015-05-15,2122.07,2123.89,2116.81,2122.73,3092080000,1.0
136,2015-05-18,2121.3,2131.78,2120.01,2129.2,2888190000,2.0
137,2015-05-19,2129.45,2133.02,2124.5,2127.83,3296030000,2.0
138,2015-05-20,2127.79,2134.72,2122.59,2125.85,3025880000,1.0
139,2015-05-21,2125.55,2134.28,2122.95,2130.82,3070460000,2.0
140,2015-05-22,2130.36,2132.15,2126.06,2126.06,2571860000,2.0
141,2015-05-26,2125.34,2125.34,2099.18,2104.2,3342130000,1.0
142,2015-05-27,2105.13,2126.22,2105.13,2123.48,3127960000,2.0
143,2015-05-28,2122.27,2122.27,2112.86,2120.79,2980350000,2.0
144,2015-05-29,2120.66,2120.66,2104.89,2107.39,3927390000,1.0
145,2015-06-01,2108.64,2119.15,2102.54,2111.73,3011710000,2.0
146,2015-06-02,2110.41,2117.59,2099.14,2109.6,3049350000,1.0
147,2015-06-03,2110.64,2121.92,2109.61,2114.07,3099980000,2.0
148,2015-06-04,2112.35,2112.89,2093.23,2095.84,3200050000,2.0
149,2015-06-05,2095.09,2100.99,2085.67,2092.83,3243690000,2.0
150,2015-06-08,2092.34,2093.01,2079.11,2079.28,2917150000,1.0
151,2015-06-09,2079.07,2085.62,2072.14,2080.15,3034580000,1.0
152,2015-06-10,2081.12,2108.5,2081.12,2105.2,3414320000,1.0
153,2015-06-11,2106.24,2115.02,2106.24,2108.86,3128600000,2.0
154,2015-06-12,2107.43,2107.43,2091.33,2094.11,2719400000,2.0
155,2015-06-15,2091.34,2091.34,2072.49,2084.43,3061570000,1.0
156,2015-06-16,2084.26,2097.4,2082.1,2096.29,2919900000,1.0
157,2015-06-17,2097.4,2106.79,2088.86,2100.44,3222240000,1.0
158,2015-06-18,2101.58,2126.65,2101.58,2121.24,3520360000,2.0
159,2015-06-19,2121.06,2121.64,2109.45,2109.99,4449810000,1.0
160,2015-06-22,2112.5,2129.87,2112.5,2122.85,3030020000,1.0
161,2015-06-23,2123.16,2128.03,2119.89,2124.2,3091190000,2.0
162,2015-06-24,2123.65,2125.1,2108.58,2108.58,3102480000,2.0
163,2015-06-25,2109.96,2116.04,2101.78,2102.31,3214610000,2.0
164,2015-06-26,2102.62,2108.92,2095.38,2101.49,5025470000,2.0
165,2015-06-29,2098.63,2098.63,2056.64,2057.64,3678960000,1.0
166,2015-06-30,2061.19,2074.28,2056.32,2063.11,4078540000,1.0
167,2015-07-01,2067.0,2082.78,2067.0,2077.42,3727260000,2.0
168,2015-07-02,2078.03,2085.06,2071.02,2076.78,2996540000,2.0
169,2015-07-06,2073.95,2078.61,2058.4,2068.76,3486360000,1.0
170,2015-07-07,2069.52,2083.74,2044.02,2081.34,4458660000,2.0
171,2015-07-08,2077.66,2077.66,2044.66,2046.68,3608780000,1.0
172,2015-07-09,2049.73,2074.28,2049.73,2051.31,3446810000,1.0
173,2015-07-10,2052.74,2081.31,2052.74,2076.62,3065070000,1.0
174,2015-07-13,2080.03,2100.67,2080.03,2099.6,3096730000,1.0
175,2015-07-14,2099.72,2111.98,2098.18,2108.95,3002120000,2.0
176,2015-07-15,2109.01,2114.14,2102.49,2107.4,3261810000,1.0
177,2015-07-16,2110.55,2124.42,2110.55,2124.29,3227080000,1.0
178,2015-07-17,2126.8,2128.91,2119.88,2126.64,3362750000,1.0
179,2015-07-20,2126.85,2132.82,2123.66,2128.28,3245870000,2.0
180,2015-07-21,2127.55,2128.49,2115.4,2119.21,3343690000,2.0
181,2015-07-22,2118.21,2118.51,2110.0,2114.15,3694070000,2.0
182,2015-07-23,2114.16,2116.87,2098.63,2102.15,3772810000,2.0
183,2015-07-24,2102.24,2106.01,2077.09,2079.65,3870040000,2.0
184,2015-07-27,2078.19,2078.19,2063.52,2067.64,3836750000,1.0
185,2015-07-28,2070.75,2095.6,2069.09,2093.25,4117740000,1.0
186,2015-07-29,2094.7,2110.6,2094.08,2108.57,4038900000,1.0
187,2015-07-30,2106.78,2110.48,2094.97,2108.63,3579410000,2.0
188,2015-07-31,2111.6,2114.24,2102.07,2103.84,3681340000,2.0
189,2015-08-03,2104.49,2105.7,2087.31,2098.04,3476770000,2.0
190,2015-08-04,2097.68,2102.51,2088.6,2093.32,3546710000,1.0
191,2015-08-05,2095.27,2112.66,2095.27,2099.84,3968680000,2.0
192,2015-08-06,2100.75,2103.32,2075.53,2083.56,4246570000,2.0
193,2015-08-07,2082.61,2082.61,2067.91,2077.57,3602320000,1.0
194,2015-08-10,2080.98,2105.35,2080.98,2104.18,3514460000,2.0
195,2015-08-11,2102.66,2102.66,2076.49,2084.07,3708880000,1.0
196,2015-08-12,2081.1,2089.06,2052.09,2086.05,4269130000,2.0
197,2015-08-13,2086.19,2092.93,2078.26,2083.39,3221300000,1.0
198,2015-08-14,2083.15,2092.45,2080.61,2091.54,2795590000,1.0
199,2015-08-17,2089.7,2102.87,2079.3,2102.44,2867690000,2.0
200,2015-08-18,2101.99,2103.47,2094.14,2096.92,2949990000,2.0
201,2015-08-19,2095.69,2096.17,2070.53,2079.61,3512920000,2.0
202,2015-08-20,2076.61,2076.61,2035.73,2035.73,3922470000,2.0
203,2015-08-21,2034.08,2034.08,1970.89,1970.89,5018240000,2.0
204,2015-08-24,1965.15,1965.15,1867.01,1893.21,6612690000,2.0
205,2015-08-25,1898.08,1948.04,1867.08,1867.61,5183560000,1.0
206,2015-08-26,1872.75,1943.09,1872.75,1940.51,5338250000,1.0
207,2015-08-27,1942.77,1989.6,1942.77,1987.66,5006390000,1.0
208,2015-08-28,1986.06,1993.48,1975.19,1988.87,3949080000,2.0
209,2015-08-31,1986.73,1986.73,1965.98,1972.18,3915100000,2.0
210,2015-09-01,1970.09,1970.09,1903.07,1913.85,4371850000,1.0
211,2015-09-02,1916.52,1948.91,1916.52,1948.86,3742620000,1.0
212,2015-09-03,1950.79,1975.01,1944.72,1951.13,3520700000,2.0
213,2015-09-04,1947.76,1947.76,1911.21,1921.22,3167090000,1.0
214,2015-09-08,1927.3,1970.42,1927.3,1969.41,3548650000,2.0
215,2015-09-09,1971.45,1988.63,1937.88,1942.04,3652120000,1.0
216,2015-09-10,1941.59,1965.29,1937.19,1952.29,3626320000,1.0
217,2015-09-11,1951.45,1961.05,1939.19,1961.05,3218590000,2.0
218,2015-09-14,1963.06,1963.06,1948.27,1953.03,3000200000,1.0
219,2015-09-15,1955.1,1983.19,1954.3,1978.09,3239860000,1.0
220,2015-09-16,1978.02,1997.26,1977.93,1995.31,3630680000,2.0
221,2015-09-17,1995.33,2020.86,1986.73,1990.2,4183790000,2.0
222,2015-09-18,1989.66,1989.66,1953.45,1958.03,6021240000,1.0
223,2015-09-21,1960.84,1979.64,1955.8,1966.97,3269350000,2.0
224,2015-09-22,1961.39,1961.39,1929.22,1942.74,3808260000,2.0
225,2015-09-23,1943.24,1949.52,1932.57,1938.76,3190530000,2.0
226,2015-09-24,1934.81,1937.17,1908.92,1932.24,4091530000,2.0
227,2015-09-25,1935.93,1952.89,1921.5,1931.34,3721870000,2.0
228,2015-09-28,1929.18,1929.18,1879.21,1881.77,4326660000,1.0
229,2015-09-29,1881.9,1899.48,1871.91,1884.09,4132390000,1.0
230,2015-09-30,1887.14,1920.53,1887.14,1920.03,4525070000,1.0
231,2015-10-01,1919.65,1927.21,1900.7,1923.82,3983600000,1.0
232,2015-10-02,1921.77,1951.36,1893.7,1951.36,4378570000,1.0
233,2015-10-05,1954.33,1989.17,1954.33,1987.05,4334490000,2.0
234,2015-10-06,1986.63,1991.62,1971.99,1979.92,4202400000,1.0
235,2015-10-07,1982.34,1999.31,1976.44,1995.83,4666470000,1.0
236,2015-10-08,1994.01,2016.5,1987.53,2013.43,3939140000,1.0
237,2015-10-09,2013.73,2020.13,2007.61,2014.89,3706900000,1.0
238,2015-10-12,2015.65,2018.66,2010.55,2017.46,2893250000,2.0
239,2015-10-13,2015.0,2022.34,2001.78,2003.69,3401920000,2.0
240,2015-10-14,2003.66,2009.56,1990.73,1994.24,3644590000,1.0
241,2015-10-15,1996.47,2024.15,1996.47,2023.86,3746290000,1.0
242,2015-10-16,2024.37,2033.54,2020.46,2033.11,3595430000,1.0
243,2015-10-19,2031.73,2034.45,2022.31,2033.66,3287320000,2.0
244,2015-10-20,2033.13,2039.12,2026.61,2030.77,3331500000,2.0
245,2015-10-21,2033.47,2037.97,2017.22,2018.94,3627790000,1.0
246,2015-10-22,2021.88,2055.2,2021.88,2052.51,4430850000,1.0
247,2015-10-23,2058.19,2079.74,2058.19,2075.15,4108460000,2.0
248,2015-10-26,2075.08,2075.14,2066.53,2071.18,3385800000,2.0
249,2015-10-27,2068.75,2070.37,2058.84,2065.89,4216880000,1.0
250,2015-10-28,2066.48,2090.35,2063.11,2090.35,4698110000,2.0
251,2015-10-29,2088.35,2092.52,2082.63,2089.41,4008940000,2.0
252,2015-10-30,2090.0,2094.32,2079.34,2079.36,4256200000,1.0
253,2015-11-02,2080.76,2106.2,2080.76,2104.05,3760020000,1.0
254,2015-11-03,2102.63,2116.48,2097.51,2109.79,4272060000,2.0
255,2015-11-04,2110.6,2114.59,2096.98,2102.31,4078870000,2.0
256,2015-11-05,2101.68,2108.78,2090.41,2099.93,4051890000,2.0
257,2015-11-06,2098.6,2101.91,2083.74,2099.2,4369020000,2.0
258,2015-11-09,2096.56,2096.56,2068.24,2078.58,3882350000,1.0
259,2015-11-10,2077.19,2083.67,2069.91,2081.72,3821440000,2.0
260,2015-11-11,2083.41,2086.94,2074.85,2075.0,3692410000,2.0
261,2015-11-12,2072.29,2072.29,2045.66,2045.97,4016370000,2.0
262,2015-11-13,2044.64,2044.64,2022.02,2023.04,4278750000,1.0
263,2015-11-16,2022.08,2053.22,2019.39,2053.19,3741240000,2.0
264,2015-11-17,2053.67,2066.69,2045.9,2050.44,4427350000,1.0
265,2015-11-18,2051.99,2085.31,2051.99,2083.58,3926390000,2.0
266,2015-11-19,2083.7,2086.74,2078.76,2081.24,3628110000,1.0
267,2015-11-20,2082.82,2097.06,2082.82,2089.17,3929600000,2.0
268,2015-11-23,2089.41,2095.61,2081.39,2086.59,3587980000,1.0
269,2015-11-24,2084.42,2094.12,2070.29,2089.14,3884930000,2.0
270,2015-11-25,2089.3,2093.0,2086.3,2088.87,2852940000,1.0
271,2015-11-27,2088.82,2093.29,2084.13,2090.11,1466840000,2.0
272,2015-11-30,2090.95,2093.81,2080.41,2080.41,4275030000,1.0
273,2015-12-01,2082.93,2103.37,2082.93,2102.63,3712120000,2.0
274,2015-12-02,2101.71,2104.27,2077.11,2079.51,3950640000,2.0
275,2015-12-03,2080.71,2085.0,2042.35,2049.62,4306490000,1.0
276,2015-12-04,2051.24,2093.84,2051.24,2091.69,4214910000,2.0
277,2015-12-07,2090.42,2090.42,2066.78,2077.07,4043820000,2.0
278,2015-12-08,2073.39,2073.85,2052.32,2063.59,4173570000,2.0
279,2015-12-09,2061.17,2080.33,2036.53,2047.62,4385250000,1.0
280,2015-12-10,2047.93,2067.65,2045.67,2052.23,3715150000,2.0
281,2015-12-11,2047.27,2047.27,2008.8,2012.37,4301060000,1.0
282,2015-12-14,2013.37,2022.92,1993.26,2021.94,4612440000,1.0
283,2015-12-15,2025.55,2053.87,2025.55,2043.41,4353540000,1.0
284,2015-12-16,2046.5,2076.72,2042.43,2073.07,4635450000,2.0
285,2015-12-17,2073.76,2076.37,2041.66,2041.89,4327390000,2.0
286,2015-12-18,2040.81,2040.81,2005.33,2005.55,6683070000,1.0
287,2015-12-21,2010.27,2022.9,2005.93,2021.15,3760280000,1.0
288,2015-12-22,2023.15,2042.74,2020.49,2038.97,3520860000,1.0
289,2015-12-23,2042.2,2064.73,2042.2,2064.29,3484090000,2.0
290,2015-12-24,2063.52,2067.36,2058.73,2060.99,1411860000,2.0
291,2015-12-28,2057.77,2057.77,2044.2,2056.5,2492510000,1.0
292,2015-12-29,2060.54,2081.56,2060.54,2078.36,2542000000,2.0
293,2015-12-30,2077.34,2077.34,2061.97,2063.36,2367430000,2.0
294,2015-12-31,2060.59,2062.54,2043.62,2043.94,2655330000,2.0
295,2016-01-04,2038.2,2038.2,1989.68,2012.66,4304880000,1.0
296,2016-01-05,2013.78,2021.94,2004.17,2016.71,3706620000,2.0
297,2016-01-06,2011.71,2011.71,1979.05,1990.26,4336660000,2.0
298,2016-01-07,1985.32,1985.32,1938.83,1943.09,5076590000,2.0
299,2016-01-08,1945.97,1960.4,1918.46,1922.03,4664940000,1.0
300,2016-01-11,1926.12,1935.65,1901.1,1923.67,4607290000,1.0
301,2016-01-12,1927.83,1947.38,1914.35,1938.68,4887260000,2.0
302,2016-01-13,1940.34,1950.33,1886.41,1890.28,5087030000,1.0
303,2016-01-14,1891.68,1934.47,1878.93,1921.84,5241110000,2.0
304,2016-01-15,1916.68,1916.68,1857.83,1880.33,5468460000,1.0
305,2016-01-19,1888.66,1901.44,1864.6,1881.33,4928350000,2.0
306,2016-01-20,1876.18,1876.18,1812.29,1859.33,6416070000,1.0
307,2016-01-21,1861.46,1889.85,1848.98,1868.99,5078810000,1.0
308,2016-01-22,1877.4,1908.85,1877.4,1906.9,4901760000,2.0
309,2016-01-25,1906.28,1906.28,1875.97,1877.08,4401380000,1.0
310,2016-01-26,1878.79,1906.73,1878.79,1903.63,4357940000,2.0
311,2016-01-27,1902.52,1916.99,1872.7,1882.95,4754040000,1.0
312,2016-01-28,1885.22,1902.96,1873.65,1893.36,4693010000,1.0
313,2016-01-29,1894.0,1940.24,1894.0,1940.24,5497570000,2.0
314,2016-02-01,1936.94,1947.2,1920.3,1939.38,4322530000,2.0
315,2016-02-02,1935.26,1935.26,1897.29,1903.03,4463190000,1.0
316,2016-02-03,1907.07,1918.01,1872.23,1912.53,5172950000,1.0
317,2016-02-04,1911.67,1927.35,1900.52,1915.45,5193320000,2.0
318,2016-02-05,1913.07,1913.07,1872.65,1880.05,4929940000,2.0
319,2016-02-08,1873.25,1873.25,1828.46,1853.44,5636460000,2.0
320,2016-02-09,1848.46,1868.25,1834.94,1852.21,5183220000,2.0
321,2016-02-10,1857.1,1881.6,1850.32,1851.86,4471170000,2.0
322,2016-02-11,1847.0,1847.0,1810.1,1829.08,5500800000,1.0
323,2016-02-12,1833.4,1864.78,1833.4,1864.78,4696920000,1.0
324,2016-02-16,1871.44,1895.77,1871.44,1895.58,4570670000,1.0
325,2016-02-17,1898.8,1930.68,1898.8,1926.82,5011540000,2.0
326,2016-02-18,1927.57,1930.0,1915.09,1917.83,4436490000,2.0
327,2016-02-19,1916.74,1918.78,1902.17,1917.78,4142850000,1.0
328,2016-02-22,1924.44,1946.7,1924.44,1945.5,4054710000,2.0
329,2016-02-23,1942.38,1942.38,1919.44,1921.27,3890650000,1.0
330,2016-02-24,1917.56,1932.08,1891.0,1929.8,4317250000,1.0
331,2016-02-25,1931.87,1951.83,1925.41,1951.7,4118210000,2.0
332,2016-02-26,1954.95,1962.96,1945.78,1948.05,4348510000,2.0
333,2016-02-29,1947.13,1958.27,1931.81,1932.23,4588180000,1.0
334,2016-03-01,1937.09,1978.35,1937.09,1978.35,4819750000,1.0
335,2016-03-02,1976.6,1986.51,1968.8,1986.45,4666610000,1.0
336,2016-03-03,1985.6,1993.69,1977.37,1993.4,5081700000,1.0
337,2016-03-04,1994.01,2009.13,1986.77,1999.99,6049930000,1.0
338,2016-03-07,1996.11,2006.12,1989.38,2001.76,4968180000,2.0
339,2016-03-08,1996.88,1996.88,1977.43,1979.26,4641650000,1.0
340,2016-03-09,1981.44,1992.69,1979.84,1989.26,4038120000,1.0
341,2016-03-10,1990.97,2005.08,1969.25,1989.57,4376790000,1.0
342,2016-03-11,1994.71,2022.37,1994.71,2022.19,4078620000,2.0
343,2016-03-14,2019.27,2024.57,2012.05,2019.64,3487850000,2.0
344,2016-03-15,2015.27,2015.94,2005.23,2015.93,3560280000,1.0
345,2016-03-16,2014.24,2032.02,2010.04,2027.22,4057020000,1.0
346,2016-03-17,2026.9,2046.24,2022.16,2040.59,4530480000,1.0
347,2016-03-18,2041.16,2052.36,2041.16,2049.58,6503140000,1.0
348,2016-03-21,2047.88,2053.91,2043.14,2051.6,3376600000,2.0
349,2016-03-22,2048.64,2056.6,2040.57,2049.8,3418460000,2.0
350,2016-03-23,2048.55,2048.55,2034.86,2036.71,3639510000,2.0
351,2016-03-24,2032.48,2036.04,2022.49,2035.94,3407720000,1.0
352,2016-03-28,2037.89,2042.67,2031.96,2037.05,2809090000,1.0
353,2016-03-29,2035.75,2055.91,2028.31,2055.01,3822330000,1.0
354,2016-03-30,2058.27,2072.21,2058.27,2063.95,3590310000,2.0
355,2016-03-31,2063.77,2067.92,2057.46,2059.74,3715280000,1.0
356,2016-04-01,2056.62,2075.07,2043.98,2072.78,3749990000,2.0
357,2016-04-04,2073.19,2074.02,2062.57,2066.13,3485710000,2.0
358,2016-04-05,2062.5,2062.5,2042.56,2045.17,4154920000,1.0
359,2016-04-06,2045.56,2067.33,2043.09,2066.66,3750800000,2.0
360,2016-04-07,2063.01,2063.01,2033.8,2041.91,3801250000,1.0
361,2016-04-08,2045.54,2060.63,2041.69,2047.6,3359530000,2.0
362,2016-04-11,2050.23,2062.93,2041.88,2041.99,3567840000,1.0
363,2016-04-12,2043.72,2065.05,2039.74,2061.72,4239740000,1.0
364,2016-04-13,2065.92,2083.18,2065.92,2082.42,4191830000,1.0
365,2016-04-14,2082.89,2087.84,2078.13,2082.78,3765870000,2.0
366,2016-04-15,2083.1,2083.22,2076.31,2080.73,3701450000,1.0
367,2016-04-18,2078.83,2094.66,2073.65,2094.34,3316880000,1.0
368,2016-04-19,2096.05,2104.05,2091.68,2100.8,3896830000,1.0
369,2016-04-20,2101.52,2111.05,2096.32,2102.4,4184880000,2.0
370,2016-04-21,2102.09,2103.78,2088.52,2091.48,4175290000,1.0
371,2016-04-22,2091.49,2094.32,2081.2,2091.58,3790580000,2.0
372,2016-04-25,2089.37,2089.37,2077.52,2087.79,3319740000,1.0
373,2016-04-26,2089.84,2096.87,2085.8,2091.7,3557190000,1.0
374,2016-04-27,2092.33,2099.89,2082.31,2095.15,4100110000,2.0
375,2016-04-28,2090.93,2099.3,2071.62,2075.81,4309840000,2.0
376,2016-04-29,2071.82,2073.85,2052.28,2065.3,4704720000,1.0
377,2016-05-02,2067.17,2083.42,2066.11,2081.43,3841110000,2.0
378,2016-05-03,2077.18,2077.18,2054.89,2063.37,4173390000,2.0
379,2016-05-04,2060.3,2060.3,2045.55,2051.12,4058560000,2.0
380,2016-05-05,2052.95,2060.23,2045.77,2050.63,4008530000,1.0
381,2016-05-06,2047.77,2057.72,2039.45,2057.14,3796350000,1.0
382,2016-05-09,2057.55,2064.15,2054.31,2058.69,3788620000,1.0
383,2016-05-10,2062.63,2084.87,2062.63,2084.39,3600200000,2.0
384,2016-05-11,2083.29,2083.29,2064.46,2064.46,3821980000,2.0
385,2016-05-12,2067.17,2073.99,2053.13,2064.11,3782390000,2.0
386,2016-05-13,2062.5,2066.79,2043.13,2046.61,3579880000,1.0
387,2016-05-16,2046.53,2071.88,2046.53,2066.66,3501360000,2.0
388,2016-05-17,2065.04,2065.69,2040.82,2047.21,4108960000,1.0
389,2016-05-18,2044.38,2060.61,2034.49,2047.63,4101320000,2.0
390,2016-05-19,2044.21,2044.21,2025.91,2040.04,3846770000,1.0
391,2016-05-20,2041.88,2058.35,2041.88,2052.32,3507650000,2.0
392,2016-05-23,2052.23,2055.58,2047.26,2048.04,3055480000,1.0
393,2016-05-24,2052.65,2079.67,2052.65,2076.06,3627340000,1.0
394,2016-05-25,2078.93,2094.73,2078.93,2090.54,3859160000,2.0
395,2016-05-26,2091.44,2094.3,2087.08,2090.1,3230990000,1.0
396,2016-05-27,2090.06,2099.06,2090.06,2099.06,3079150000,2.0
397,2016-05-31,2100.13,2103.48,2088.66,2096.95,4514410000,1.0
398,2016-06-01,2093.94,2100.97,2085.1,2099.33,3525170000,1.0
399,2016-06-02,2097.71,2105.26,2088.59,2105.26,3632720000,2.0
400,2016-06-03,2104.07,2104.07,2085.36,2099.13,3627780000,1.0
401,2016-06-06,2100.83,2113.36,2100.83,2109.41,3442020000,1.0
402,2016-06-07,2110.18,2119.22,2110.18,2112.13,3534730000,1.0
403,2016-06-08,2112.71,2120.55,2112.71,2119.12,3562060000,2.0
404,2016-06-09,2115.65,2117.64,2107.73,2115.48,3290320000,2.0
405,2016-06-10,2109.57,2109.57,2089.96,2096.07,3515010000,2.0
406,2016-06-13,2091.75,2098.12,2078.46,2079.06,3392030000,2.0
407,2016-06-14,2076.65,2081.3,2064.1,2075.32,3759770000,2.0
408,2016-06-15,2077.6,2085.65,2069.8,2071.5,3544720000,1.0
409,2016-06-16,2066.36,2079.62,2050.37,2077.99,3628280000,2.0
410,2016-06-17,2078.2,2078.2,2062.84,2071.22,4952630000,1.0
411,2016-06-20,2075.58,2100.66,2075.58,2083.25,3467440000,1.0
412,2016-06-21,2085.19,2093.66,2083.02,2088.9,3232880000,2.0
413,2016-06-22,2089.75,2099.71,2084.36,2085.45,3168160000,1.0
414,2016-06-23,2092.8,2113.32,2092.8,2113.32,3297940000,2.0
415,2016-06-24,2103.81,2103.81,2032.57,2037.41,7597450000,2.0
416,2016-06-27,2031.45,2031.45,1991.68,2000.54,5431220000,1.0
417,2016-06-28,2006.67,2036.09,2006.67,2036.09,4385810000,1.0
418,2016-06-29,2042.69,2073.13,2042.69,2070.77,4241740000,1.0
419,2016-06-30,2073.17,2098.94,2070.0,2098.86,4622820000,1.0
420,2016-07-01,2099.34,2108.71,2097.9,2102.95,3458890000,2.0
421,2016-07-05,2095.05,2095.05,2080.86,2088.55,3658380000,1.0
422,2016-07-06,2084.43,2100.72,2074.02,2099.73,3909380000,2.0
423,2016-07-07,2100.42,2109.08,2089.39,2097.9,3604550000,1.0
424,2016-07-08,2106.97,2131.71,2106.97,2129.9,3607500000,1.0
425,2016-07-11,2131.72,2143.16,2131.72,2137.16,3253340000,1.0
426,2016-07-12,2139.5,2155.4,2139.5,2152.14,4097820000,1.0
427,2016-07-13,2153.81,2156.45,2146.21,2152.43,3502320000,1.0
428,2016-07-14,2157.88,2168.99,2157.88,2163.75,3465610000,2.0
429,2016-07-15,2165.13,2169.05,2155.79,2161.74,3122600000,1.0
430,2016-07-18,2162.04,2168.35,2159.63,2166.89,3009310000,2.0
431,2016-07-19,2163.79,2164.63,2159.01,2163.78,2968340000,1.0
432,2016-07-20,2166.1,2175.63,2164.89,2173.02,3211860000,2.0
433,2016-07-21,2172.91,2174.56,2159.75,2165.17,3438900000,1.0
434,2016-07-22,2166.47,2175.11,2163.24,2175.03,3023280000,2.0
435,2016-07-25,2173.71,2173.71,2161.95,2168.48,3057240000,1.0
436,2016-07-26,2168.97,2173.54,2160.18,2169.18,3442350000,2.0
437,2016-07-27,2169.81,2174.98,2159.07,2166.58,3995500000,1.0
438,2016-07-28,2166.05,2172.85,2159.74,2170.06,3664240000,1.0
439,2016-07-29,2168.83,2177.09,2163.49,2173.6,4038840000,2.0
440,2016-08-01,2173.15,2178.29,2166.21,2170.84,3505990000,2.0
441,2016-08-02,2169.94,2170.2,2147.58,2157.03,3848750000,1.0
442,2016-08-03,2156.81,2163.79,2152.56,2163.79,3786530000,1.0
443,2016-08-04,2163.51,2168.19,2159.07,2164.25,3709200000,1.0
444,2016-08-05,2168.79,2182.87,2168.79,2182.87,3663070000,2.0
445,2016-08-08,2183.76,2185.44,2177.85,2180.89,3327550000,1.0
446,2016-08-09,2182.24,2187.66,2178.61,2181.74,3334300000,2.0
447,2016-08-10,2182.81,2183.41,2172.0,2175.49,3254950000,1.0
448,2016-08-11,2177.97,2188.45,2177.97,2185.79,3423160000,2.0
449,2016-08-12,2183.74,2186.28,2179.42,2184.05,3000660000,1.0
450,2016-08-15,2186.08,2193.81,2186.08,2190.15,3078530000,2.0
451,2016-08-16,2186.24,2186.24,2178.14,2178.15,3196400000,1.0
452,2016-08-17,2177.84,2183.08,2168.5,2182.22,3388910000,1.0
453,2016-08-18,2181.9,2187.03,2180.46,2187.02,3300570000,2.0
454,2016-08-19,2184.24,2185.0,2175.13,2183.87,3084800000,2.0
455,2016-08-22,2181.58,2185.15,2175.96,2182.64,2777550000,1.0
456,2016-08-23,2187.81,2193.42,2186.8,2186.9,3041490000,2.0
457,2016-08-24,2185.09,2186.66,2171.25,2175.44,3148280000,2.0
458,2016-08-25,2173.29,2179.0,2169.74,2172.47,2969310000,2.0
459,2016-08-26,2175.1,2187.94,2160.39,2169.04,3342340000,1.0
460,2016-08-29,2170.19,2183.48,2170.19,2180.38,2654780000,2.0
461,2016-08-30,2179.45,2182.27,2170.41,2176.12,3006800000,2.0
462,2016-08-31,2173.56,2173.79,2161.35,2170.95,3766390000,2.0
463,2016-09-01,2171.33,2173.56,2157.09,2170.86,3392120000,1.0
464,2016-09-02,2177.49,2184.87,2173.59,2179.98,3091120000,1.0
465,2016-09-06,2181.61,2186.57,2175.1,2186.48,3447650000,2.0
466,2016-09-07,2185.17,2187.87,2179.07,2186.16,3319420000,2.0
467,2016-09-08,2182.76,2184.94,2177.49,2181.3,3727840000,2.0
468,2016-09-09,2169.08,2169.08,2127.81,2127.81,4233960000,1.0
469,2016-09-12,2120.86,2163.3,2119.12,2159.04,4010480000,2.0
470,2016-09-13,2150.47,2150.47,2120.27,2127.02,4141670000,2.0
471,2016-09-14,2127.86,2141.33,2119.9,2125.77,3664100000,1.0
472,2016-09-15,2125.36,2151.31,2122.36,2147.26,3373720000,2.0
473,2016-09-16,2146.48,2146.48,2131.2,2139.16,5014360000,2.0
474,2016-09-19,2143.99,2153.61,2135.91,2139.12,3163000000,1.0
475,2016-09-20,2145.94,2150.8,2139.17,2139.76,3140730000,1.0
476,2016-09-21,2144.58,2165.11,2139.57,2163.12,3712090000,1.0
477,2016-09-22,2170.94,2179.99,2170.94,2177.18,3552830000,2.0
478,2016-09-23,2173.29,2173.75,2163.97,2164.69,3317190000,2.0
479,2016-09-26,2158.54,2158.54,2145.04,2146.1,3216170000,1.0
480,2016-09-27,2146.04,2161.13,2141.55,2159.93,3437770000,1.0
481,2016-09-28,2161.85,2172.4,2151.79,2171.37,3891460000,2.0
482,2016-09-29,2168.9,2172.67,2145.2,2151.13,4249220000,1.0
483,2016-09-30,2156.51,2175.3,2156.51,2168.27,4173340000,2.0
484,2016-10-03,2164.33,2164.41,2154.77,2161.2,3137550000,2.0
485,2016-10-04,2163.37,2165.46,2144.01,2150.49,3750890000,1.0
486,2016-10-05,2155.15,2163.95,2155.15,2159.73,3906550000,1.0
487,2016-10-06,2158.22,2162.93,2150.28,2160.77,3461550000,2.0
488,2016-10-07,2164.19,2165.86,2144.85,2153.74,3619890000,1.0
489,2016-10-10,2160.39,2169.6,2160.39,2163.66,2916550000,2.0
490,2016-10-11,2161.35,2161.56,2128.84,2136.73,3438270000,1.0
491,2016-10-12,2137.67,2145.36,2132.77,2139.18,2977100000,2.0
492,2016-10-13,2130.26,2138.19,2114.72,2132.55,3580450000,1.0
493,2016-10-14,2139.68,2149.19,2132.98,2132.98,3228150000,2.0
494,2016-10-17,2132.95,2135.61,2124.43,2126.5,2830390000,1.0
495,2016-10-18,2138.31,2144.38,2135.49,2139.6,3170000000,1.0
496,2016-10-19,2140.81,2148.44,2138.15,2144.29,3362670000,2.0
497,2016-10-20,2142.51,2147.18,2133.44,2141.34,3337170000,2.0
498,2016-10-21,2139.43,2142.63,2130.09,2141.16,3448850000,1.0
499,2016-10-24,2148.5,2154.79,2146.91,2151.33,3357320000,2.0
500,2016-10-25,2149.72,2151.44,2141.93,2143.16,3751340000,2.0
501,2016-10-26,2136.97,2145.73,2131.59,2139.43,3775200000,2.0
502,2016-10-27,2144.06,2147.13,2132.52,2133.04,4204830000,2.0
503,2016-10-28,2132.23,2140.72,2119.36,2126.41,4019510000,2.0
504,2016-10-31,2129.78,2133.25,2125.53,2126.15,3922400000,2.0
505,2016-11-01,2128.68,2131.45,2097.85,2111.72,4532160000,2.0
506,2016-11-02,2109.43,2111.76,2094.0,2097.94,4248580000,2.0
507,2016-11-03,2098.8,2102.56,2085.23,2088.66,3886740000,2.0
508,2016-11-04,2083.79,2099.07,2083.79,2085.18,3837860000,1.0
509,2016-11-07,2100.59,2132.0,2100.59,2131.52,3736060000,1.0
510,2016-11-08,2129.92,2146.87,2123.56,2139.56,3916930000,1.0
511,2016-11-09,2131.56,2170.1,2125.35,2163.26,6264150000,1.0
512,2016-11-10,2167.49,2182.3,2151.17,2167.48,6451640000,2.0
513,2016-11-11,2162.71,2165.92,2152.49,2164.45,4988050000,2.0
514,2016-11-14,2165.64,2171.36,2156.08,2164.2,5367200000,1.0
515,2016-11-15,2168.29,2180.84,2166.38,2180.39,4543860000,2.0
516,2016-11-16,2177.53,2179.22,2172.2,2176.94,3830590000,1.0
517,2016-11-17,2178.61,2188.06,2176.65,2187.12,3809160000,2.0
518,2016-11-18,2186.85,2189.89,2180.38,2181.9,3572400000,1.0
519,2016-11-21,2186.43,2198.7,2186.43,2198.18,3607010000,1.0
520,2016-11-22,2201.56,2204.8,2194.51,2202.94,3957940000,1.0
521,2016-11-23,2198.55,2204.72,2194.51,2204.72,3418640000,1.0
522,2016-11-25,2206.27,2213.35,2206.27,2213.35,1584600000,2.0
523,2016-11-28,2210.21,2211.14,2200.36,2201.72,3505650000,1.0
524,2016-11-29,2200.76,2210.46,2198.15,2204.66,3706560000,2.0
525,2016-11-30,2204.97,2214.1,2198.81,2198.81,5533980000,2.0
526,2016-12-01,2200.17,2202.6,2187.44,2191.08,5063740000,1.0
527,2016-12-02,2191.12,2197.95,2188.37,2191.95,3779500000,1.0
528,2016-12-05,2200.65,2209.42,2199.97,2204.71,3895230000,1.0
529,2016-12-06,2207.26,2212.78,2202.21,2212.23,3855320000,1.0
530,2016-12-07,2210.72,2241.63,2208.93,2241.35,4501820000,1.0
531,2016-12-08,2241.13,2251.69,2237.57,2246.19,4200580000,1.0
532,2016-12-09,2249.73,2259.8,2249.23,2259.53,3884480000,2.0
533,2016-12-12,2258.83,2264.03,2252.37,2256.96,4034510000,1.0
534,2016-12-13,2263.32,2277.53,2263.32,2271.72,3857590000,2.0
535,2016-12-14,2268.35,2276.2,2248.44,2253.28,4406970000,1.0
536,2016-12-15,2253.77,2272.12,2253.77,2262.03,4168200000,2.0
537,2016-12-16,2266.81,2268.05,2254.24,2258.07,5920340000,1.0
538,2016-12-19,2259.24,2267.47,2258.21,2262.53,3248370000,1.0
539,2016-12-20,2266.5,2272.56,2266.14,2270.76,3298780000,2.0
540,2016-12-21,2270.54,2271.23,2265.15,2265.18,2852230000,2.0
541,2016-12-22,2262.93,2263.18,2256.08,2260.96,2876320000,1.0
542,2016-12-23,2260.25,2263.79,2258.84,2263.79,2020550000,1.0
543,2016-12-27,2266.23,2273.82,2266.15,2268.88,1987080000,2.0
544,2016-12-28,2270.23,2271.31,2249.11,2249.92,2392360000,2.0
545,2016-12-29,2249.5,2254.51,2244.56,2249.26,2336370000,2.0
546,2016-12-30,2251.61,2253.58,2233.62,2238.83,2670900000,1.0
547,2017-01-03,2251.57,2263.88,2245.13,2257.83,3770530000,1.0
548,2017-01-04,2261.6,2272.82,2261.6,2270.75,3764890000,2.0
549,2017-01-05,2268.18,2271.5,2260.45,2269.0,3761820000,1.0
550,2017-01-06,2271.14,2282.1,2264.06,2276.98,3339890000,2.0
551,2017-01-09,2273.59,2275.49,2268.9,2268.9,3217610000,0.0
552,2017-01-10,2269.72,2279.27,2265.27,2268.9,3638790000,1.0
553,2017-01-11,2268.6,2275.32,2260.83,2275.32,3620410000,2.0
554,2017-01-12,2271.14,2271.78,2254.25,2270.44,3462130000,1.0
555,2017-01-13,2272.74,2278.68,2271.51,2274.64,3081270000,2.0
556,2017-01-17,2269.14,2272.08,2262.81,2267.89,3584990000,1.0
557,2017-01-18,2269.14,2272.01,2263.35,2271.89,3315250000,2.0
558,2017-01-19,2271.9,2274.33,2258.41,2263.69,3165970000,1.0
559,2017-01-20,2269.96,2276.96,2265.01,2271.31,3524970000,2.0
560,2017-01-23,2267.78,2271.78,2257.02,2265.2,3152710000,1.0
561,2017-01-24,2267.88,2284.63,2266.68,2280.07,3810960000,1.0
562,2017-01-25,2288.88,2299.55,2288.88,2298.37,3846020000,2.0
563,2017-01-26,2298.63,2300.99,2294.08,2296.68,3610360000,2.0
564,2017-01-27,2299.02,2299.02,2291.62,2294.69,3135890000,2.0
565,2017-01-30,2286.01,2286.01,2268.04,2280.9,3591270000,2.0
566,2017-01-31,2274.02,2279.09,2267.21,2278.87,4087450000,1.0
567,2017-02-01,2285.59,2289.14,2272.44,2279.55,3916610000,1.0
568,2017-02-02,2276.69,2283.97,2271.65,2280.85,3807710000,1.0
569,2017-02-03,2288.54,2298.31,2287.88,2297.42,3597970000,2.0
570,2017-02-06,2294.28,2296.18,2288.57,2292.56,3109050000,1.0
571,2017-02-07,2295.87,2299.4,2290.16,2293.08,3448690000,1.0
572,2017-02-08,2289.55,2295.91,2285.38,2294.67,3609740000,1.0
573,2017-02-09,2296.7,2311.08,2296.61,2307.87,3677940000,1.0
574,2017-02-10,2312.27,2319.23,2311.1,2316.1,3475020000,1.0
575,2017-02-13,2321.72,2331.58,2321.42,2328.25,3349730000,1.0
576,2017-02-14,2326.12,2337.58,2322.17,2337.58,3520910000,1.0
577,2017-02-15,2335.58,2351.3,2334.81,2349.25,3775590000,2.0
578,2017-02-16,2349.64,2351.31,2338.87,2347.22,3672370000,1.0
579,2017-02-17,2343.01,2351.16,2339.58,2351.16,3513060000,1.0
580,2017-02-21,2354.91,2366.71,2354.91,2365.38,3579780000,2.0
581,2017-02-22,2361.11,2365.13,2358.34,2362.82,3468670000,1.0
582,2017-02-23,2367.5,2368.26,2355.09,2363.81,4015260000,1.0
583,2017-02-24,2355.73,2367.34,2352.87,2367.34,3831570000,1.0
584,2017-02-27,2365.23,2371.54,2361.87,2369.75,3582610000,2.0
585,2017-02-28,2366.08,2367.79,2358.96,2363.64,4210140000,1.0
586,2017-03-01,2380.13,2400.98,2380.13,2395.96,4345180000,2.0
587,2017-03-02,2394.75,2394.75,2380.17,2381.92,3821320000,1.0
588,2017-03-03,2380.92,2383.89,2375.39,2383.12,3555260000,2.0
589,2017-03-06,2375.23,2378.8,2367.98,2375.31,3232700000,2.0
590,2017-03-07,2370.74,2375.12,2365.51,2368.39,3518390000,2.0
591,2017-03-08,2369.81,2373.09,2361.01,2362.98,3812100000,1.0
592,2017-03-09,2363.49,2369.08,2354.54,2364.87,3716340000,1.0
593,2017-03-10,2372.52,2376.86,2363.04,2372.6,3432950000,1.0
594,2017-03-13,2371.56,2374.42,2368.52,2373.47,3133900000,2.0
595,2017-03-14,2368.55,2368.55,2358.18,2365.45,3172630000,1.0
596,2017-03-15,2370.34,2390.01,2368.94,2385.26,3906840000,2.0
597,2017-03-16,2387.71,2388.1,2377.18,2381.38,3365660000,2.0
598,2017-03-17,2383.71,2385.71,2377.64,2378.25,5178040000,2.0
599,2017-03-20,2378.24,2379.55,2369.66,2373.47,3054930000,2.0
600,2017-03-21,2379.32,2381.93,2341.9,2344.02,4265590000,1.0
601,2017-03-22,2343.0,2351.81,2336.45,2348.45,3572730000,2.0
602,2017-03-23,2345.97,2358.92,2342.13,2345.96,3260600000,2.0
603,2017-03-24,2350.42,2356.22,2335.74,2343.98,2975130000,2.0
604,2017-03-27,2329.11,2344.9,2322.25,2341.59,3240230000,1.0
605,2017-03-28,2339.79,2363.78,2337.63,2358.57,3367780000,1.0
606,2017-03-29,2356.54,2363.36,2352.94,2361.13,3106940000,1.0
607,2017-03-30,2361.31,2370.42,2358.58,2368.06,3158420000,2.0
608,2017-03-31,2364.82,2370.35,2362.6,2362.72,3354110000,2.0
609,2017-04-03,2362.34,2365.87,2344.73,2358.84,3416400000,1.0
610,2017-04-04,2354.76,2360.53,2350.72,2360.16,3206240000,2.0
611,2017-04-05,2366.59,2378.36,2350.52,2352.95,3770520000,1.0
612,2017-04-06,2353.79,2364.16,2348.9,2357.49,3201920000,2.0
613,2017-04-07,2356.59,2363.76,2350.74,2355.54,3053150000,1.0
614,2017-04-10,2357.16,2366.37,2351.5,2357.16,2785410000,2.0
615,2017-04-11,2353.92,2355.22,2337.25,2353.78,3117420000,2.0
616,2017-04-12,2352.15,2352.72,2341.18,2344.93,3196950000,2.0
617,2017-04-13,2341.98,2348.26,2328.95,2328.95,3143890000,1.0
618,2017-04-17,2332.62,2349.14,2332.51,2349.01,2824710000,2.0
619,2017-04-18,2342.53,2348.35,2334.54,2342.19,3269840000,2.0
620,2017-04-19,2346.79,2352.63,2335.05,2338.17,3519900000,1.0
621,2017-04-20,2342.69,2361.37,2340.91,2355.84,3647420000,2.0
622,2017-04-21,2354.74,2356.18,2344.51,2348.69,3503360000,1.0
623,2017-04-24,2370.33,2376.98,2369.19,2374.15,3690650000,1.0
624,2017-04-25,2381.51,2392.48,2381.15,2388.61,3995240000,2.0
625,2017-04-26,2388.98,2398.16,2386.78,2387.45,4105920000,1.0
626,2017-04-27,2389.7,2392.1,2382.68,2388.77,4098460000,2.0
627,2017-04-28,2393.68,2393.68,2382.36,2384.2,3718270000,1.0
628,2017-05-01,2388.5,2394.49,2384.83,2388.33,3199240000,1.0
629,2017-05-02,2391.05,2392.93,2385.82,2391.17,3813680000,2.0
630,2017-05-03,2386.5,2389.82,2379.75,2388.13,3893990000,1.0
631,2017-05-04,2389.79,2391.43,2380.35,2389.52,4362540000,1.0
632,2017-05-05,2392.37,2399.29,2389.38,2399.29,3540140000,1.0
633,2017-05-08,2399.94,2401.36,2393.92,2399.38,3429440000,2.0
634,2017-05-09,2401.58,2403.87,2392.44,2396.92,3653590000,1.0
635,2017-05-10,2396.79,2399.74,2392.79,2399.63,3643530000,2.0
636,2017-05-11,2394.84,2395.72,2381.74,2394.44,3727420000,2.0
637,2017-05-12,2392.44,2392.44,2387.19,2390.9,3305630000,1.0
638,2017-05-15,2393.98,2404.05,2393.94,2402.32,3473600000,2.0
639,2017-05-16,2404.55,2405.77,2396.05,2400.67,3420790000,2.0
640,2017-05-17,2382.95,2384.87,2356.21,2357.03,4163000000,1.0
641,2017-05-18,2354.69,2375.74,2352.72,2365.72,4319420000,1.0
642,2017-05-19,2371.37,2389.06,2370.43,2381.73,3825160000,1.0
643,2017-05-22,2387.21,2395.46,2386.92,2394.02,3172830000,1.0
644,2017-05-23,2397.04,2400.85,2393.88,2398.42,3213570000,1.0
645,2017-05-24,2401.41,2405.58,2397.99,2404.39,3389900000,1.0
646,2017-05-25,2409.54,2418.71,2408.01,2415.07,3535390000,1.0
647,2017-05-26,2414.5,2416.68,2412.2,2415.82,2805040000,2.0
648,2017-05-30,2411.67,2415.26,2409.43,2412.91,3203160000,2.0
649,2017-05-31,2415.63,2415.99,2403.59,2411.8,4516110000,1.0
650,2017-06-01,2415.65,2430.06,2413.54,2430.06,3857140000,1.0
651,2017-06-02,2431.28,2440.23,2427.71,2439.07,3461680000,2.0
652,2017-06-05,2437.83,2439.55,2434.32,2436.1,2912600000,2.0
653,2017-06-06,2431.92,2436.21,2428.12,2429.33,3357840000,1.0
654,2017-06-07,2432.03,2435.28,2424.75,2433.14,3572300000,1.0
655,2017-06-08,2434.27,2439.27,2427.94,2433.79,3728860000,2.0
656,2017-06-09,2436.39,2446.2,2415.7,2431.77,4027340000,2.0
657,2017-06-12,2425.88,2430.38,2419.97,2429.39,4027750000,1.0
658,2017-06-13,2434.15,2441.49,2431.28,2440.35,3275500000,2.0
659,2017-06-14,2443.75,2443.75,2428.34,2437.92,3555590000,2.0
660,2017-06-15,2424.14,2433.95,2418.53,2432.46,3353050000,1.0
661,2017-06-16,2431.24,2433.15,2422.88,2433.15,5284720000,1.0
662,2017-06-19,2442.55,2453.82,2441.79,2453.46,3264700000,2.0
663,2017-06-20,2450.66,2450.66,2436.6,2437.03,3416510000,2.0
664,2017-06-21,2439.31,2442.23,2430.74,2435.61,3594820000,2.0
665,2017-06-22,2437.4,2441.62,2433.27,2434.5,3468210000,1.0
666,2017-06-23,2434.65,2441.4,2431.11,2438.3,5278330000,1.0
667,2017-06-26,2443.32,2450.42,2437.03,2439.07,3238970000,2.0
668,2017-06-27,2436.34,2440.15,2419.38,2419.38,3563910000,1.0
669,2017-06-28,2428.7,2442.97,2428.02,2440.69,3500800000,2.0
670,2017-06-29,2442.38,2442.73,2405.7,2419.7,3900280000,1.0
671,2017-06-30,2429.2,2432.71,2421.65,2423.41,3361590000,1.0
672,2017-07-03,2431.39,2439.17,2428.69,2429.01,1962290000,1.0
673,2017-07-05,2430.78,2434.9,2422.05,2432.54,3367220000,2.0
674,2017-07-06,2423.44,2424.28,2407.7,2409.75,3364520000,1.0
675,2017-07-07,2413.52,2426.92,2413.52,2425.18,2901330000,1.0
676,2017-07-10,2424.51,2432.0,2422.27,2427.43,2999130000,2.0
677,2017-07-11,2427.35,2429.3,2412.79,2425.53,3106750000,1.0
678,2017-07-12,2435.75,2445.76,2435.75,2443.25,3171620000,1.0
679,2017-07-13,2444.99,2449.32,2441.69,2447.83,3067670000,1.0
680,2017-07-14,2449.16,2463.54,2446.69,2459.27,2736640000,2.0
681,2017-07-17,2459.5,2462.82,2457.16,2459.14,2793170000,1.0
682,2017-07-18,2455.88,2460.92,2450.34,2460.61,2962130000,1.0
683,2017-07-19,2463.85,2473.83,2463.85,2473.83,3059760000,2.0
684,2017-07-20,2475.56,2477.62,2468.43,2473.45,3182780000,2.0
685,2017-07-21,2467.4,2472.54,2465.06,2472.54,3059570000,2.0
686,2017-07-24,2472.04,2473.1,2466.32,2469.91,3010240000,1.0
687,2017-07-25,2477.88,2481.24,2474.91,2477.13,4108060000,1.0
688,2017-07-26,2479.97,2481.69,2474.94,2477.83,3557020000,2.0
689,2017-07-27,2482.76,2484.04,2459.93,2475.42,3995520000,2.0
690,2017-07-28,2469.12,2473.53,2464.66,2472.1,3294770000,2.0
691,2017-07-31,2475.94,2477.96,2468.53,2470.3,3469210000,1.0
692,2017-08-01,2477.1,2478.51,2471.14,2476.35,3460860000,1.0
693,2017-08-02,2480.38,2480.38,2466.48,2477.57,3478580000,2.0
694,2017-08-03,2476.03,2476.03,2468.85,2472.16,3645020000,1.0
695,2017-08-04,2476.88,2480.0,2472.08,2476.83,3235140000,1.0
696,2017-08-07,2477.14,2480.95,2475.88,2480.91,2931780000,2.0
697,2017-08-08,2478.35,2490.87,2470.32,2474.92,3344640000,2.0
698,2017-08-09,2465.35,2474.41,2462.08,2474.02,3308060000,2.0
699,2017-08-10,2465.38,2465.38,2437.75,2438.21,3621070000,1.0
700,2017-08-11,2441.04,2448.09,2437.85,2441.32,3159930000,1.0
701,2017-08-14,2454.96,2468.22,2454.96,2465.84,2822550000,2.0
702,2017-08-15,2468.66,2468.9,2461.61,2464.61,2913100000,1.0
703,2017-08-16,2468.63,2474.93,2463.86,2468.11,2953650000,2.0
704,2017-08-17,2462.95,2465.02,2430.01,2430.01,3142620000,2.0
705,2017-08-18,2427.64,2440.27,2420.69,2425.55,3415680000,1.0
706,2017-08-21,2425.5,2430.58,2417.35,2428.37,2788150000,1.0
707,2017-08-22,2433.75,2454.77,2433.67,2452.51,2777490000,2.0
708,2017-08-23,2444.88,2448.91,2441.42,2444.04,2785290000,2.0
709,2017-08-24,2447.91,2450.39,2436.19,2438.97,2846590000,1.0
710,2017-08-25,2444.72,2453.96,2442.22,2443.05,2588780000,1.0
711,2017-08-28,2447.35,2449.12,2439.03,2444.24,2677700000,1.0
712,2017-08-29,2431.94,2449.19,2428.2,2446.3,2737580000,1.0
713,2017-08-30,2446.06,2460.31,2443.77,2457.59,2633660000,1.0
714,2017-08-31,2462.65,2475.01,2462.65,2471.65,3348110000,1.0
715,2017-09-01,2474.42,2480.38,2473.85,2476.55,2710730000,2.0
716,2017-09-05,2470.35,2471.97,2446.55,2457.85,3490260000,1.0
717,2017-09-06,2463.83,2469.64,2459.2,2465.54,3374410000,2.0
718,2017-09-07,2468.06,2468.62,2460.29,2465.1,3353930000,2.0
719,2017-09-08,2462.25,2467.11,2459.4,2461.43,3302490000,1.0
720,2017-09-11,2474.52,2488.95,2474.52,2488.11,3291760000,1.0
721,2017-09-12,2491.94,2496.77,2490.37,2496.48,3230920000,1.0
722,2017-09-13,2493.89,2498.37,2492.14,2498.37,3368050000,2.0
723,2017-09-14,2494.56,2498.43,2491.35,2495.62,3414460000,1.0
724,2017-09-15,2495.67,2500.23,2493.16,2500.23,4853170000,1.0
725,2017-09-18,2502.51,2508.32,2499.92,2503.87,3194300000,1.0
726,2017-09-19,2506.29,2507.84,2503.19,2506.65,3249100000,1.0
727,2017-09-20,2506.84,2508.85,2496.67,2508.24,3530010000,2.0
728,2017-09-21,2507.16,2507.16,2499.0,2500.6,2930860000,1.0
729,2017-09-22,2497.26,2503.47,2496.54,2502.22,2865960000,2.0
730,2017-09-25,2499.39,2502.54,2488.03,2496.66,3297890000,1.0
731,2017-09-26,2501.04,2503.51,2495.12,2496.84,3043110000,1.0
732,2017-09-27,2503.3,2511.75,2495.91,2507.04,3456030000,1.0
733,2017-09-28,2503.41,2510.81,2502.93,2510.06,3168620000,1.0
734,2017-09-29,2509.96,2519.44,2507.99,2519.36,3211920000,1.0
735,2017-10-02,2521.2,2529.23,2520.4,2529.12,3199730000,1.0
736,2017-10-03,2530.34,2535.13,2528.85,2534.58,3068850000,1.0
737,2017-10-04,2533.48,2540.53,2531.8,2537.74,3017120000,1.0
738,2017-10-05,2540.86,2552.51,2540.02,2552.07,3045120000,2.0
739,2017-10-06,2547.44,2549.41,2543.79,2549.33,2884570000,2.0
740,2017-10-09,2551.39,2551.82,2541.6,2544.73,2483970000,1.0
741,2017-10-10,2549.99,2555.23,2544.86,2550.64,2960500000,1.0
742,2017-10-11,2550.62,2555.24,2547.95,2555.24,2976090000,2.0
743,2017-10-12,2552.88,2555.33,2548.31,2550.93,3151510000,1.0
744,2017-10-13,2555.66,2557.65,2552.09,2553.17,3149440000,1.0
745,2017-10-16,2555.57,2559.47,2552.64,2557.64,2916020000,1.0
746,2017-10-17,2557.17,2559.71,2554.69,2559.36,2889390000,1.0
747,2017-10-18,2562.87,2564.11,2559.67,2561.26,2998090000,1.0
748,2017-10-19,2553.39,2562.36,2547.92,2562.1,2990710000,1.0
749,2017-10-20,2567.56,2575.44,2567.56,2575.21,3384650000,2.0
750,2017-10-23,2578.08,2578.29,2564.33,2564.98,3211710000,1.0
751,2017-10-24,2568.66,2572.18,2565.58,2569.13,3427330000,2.0
752,2017-10-25,2566.52,2567.4,2544.0,2557.15,3874510000,1.0
753,2017-10-26,2560.08,2567.07,2559.8,2560.4,3869050000,1.0
754,2017-10-27,2570.26,2582.98,2565.94,2581.07,3887110000,2.0
755,2017-10-30,2577.75,2580.03,2568.25,2572.83,3658870000,1.0
756,2017-10-31,2575.99,2578.29,2572.15,2575.26,3827230000,1.0
757,2017-11-01,2583.21,2588.4,2574.92,2579.36,3813180000,1.0
758,2017-11-02,2579.46,2581.11,2566.17,2579.85,4048270000,1.0
759,2017-11-03,2581.93,2588.42,2576.77,2587.84,3567710000,1.0
760,2017-11-06,2587.47,2593.38,2585.66,2591.13,3539080000,2.0
761,2017-11-07,2592.11,2597.02,2584.35,2590.64,3809650000,1.0
762,2017-11-08,2588.71,2595.47,2585.02,2594.38,3899360000,2.0
763,2017-11-09,2584.0,2586.5,2566.33,2584.62,3831610000,2.0
764,2017-11-10,2580.18,2583.81,2575.57,2582.3,3486910000,1.0
765,2017-11-13,2576.53,2587.66,2574.48,2584.84,3402930000,2.0
766,2017-11-14,2577.75,2579.66,2566.56,2578.87,3641760000,2.0
767,2017-11-15,2569.45,2572.84,2557.45,2564.62,3558890000,1.0
768,2017-11-16,2572.95,2590.09,2572.95,2585.64,3312710000,2.0
769,2017-11-17,2582.94,2583.96,2577.62,2578.85,3300160000,1.0
770,2017-11-20,2579.49,2584.64,2578.24,2582.14,3003540000,1.0
771,2017-11-21,2589.17,2601.19,2589.17,2599.03,3332720000,2.0
772,2017-11-22,2600.31,2600.94,2595.23,2597.08,2762950000,1.0
773,2017-11-24,2600.42,2604.21,2600.42,2602.42,1349780000,2.0
774,2017-11-27,2602.66,2606.41,2598.87,2601.42,3006860000,1.0
775,2017-11-28,2605.94,2627.69,2605.44,2627.04,3488420000,2.0
776,2017-11-29,2627.82,2634.89,2620.32,2626.07,4078280000,1.0
777,2017-11-30,2633.93,2657.74,2633.93,2647.58,4938490000,2.0
778,2017-12-01,2645.1,2650.62,2605.52,2642.22,3942320000,2.0
779,2017-12-04,2657.19,2665.19,2639.03,2639.44,4023150000,2.0
780,2017-12-05,2639.78,2648.72,2627.73,2629.57,3539040000,2.0
781,2017-12-06,2626.24,2634.41,2624.75,2629.27,3229000000,1.0
782,2017-12-07,2628.38,2640.99,2626.53,2636.98,3292400000,1.0
783,2017-12-08,2646.21,2651.65,2644.1,2651.5,3106150000,1.0
784,2017-12-11,2652.19,2660.33,2651.47,2659.99,3091950000,1.0
785,2017-12-12,2661.73,2669.72,2659.78,2664.11,3555680000,2.0
786,2017-12-13,2667.59,2671.88,2662.85,2662.85,3542370000,2.0
787,2017-12-14,2665.87,2668.09,2652.01,2652.01,3430030000,1.0
788,2017-12-15,2660.63,2679.63,2659.14,2675.81,5723920000,1.0
789,2017-12-18,2685.92,2694.97,2685.92,2690.16,3724660000,2.0
790,2017-12-19,2692.71,2694.44,2680.74,2681.47,3368590000,2.0
791,2017-12-20,2688.18,2691.01,2676.11,2679.25,3241030000,1.0
792,2017-12-21,2683.02,2692.64,2682.4,2684.57,3273390000,2.0
793,2017-12-22,2684.22,2685.35,2678.13,2683.34,2399830000,2.0
794,2017-12-26,2679.09,2682.74,2677.96,2680.5,1968780000,1.0
795,2017-12-27,2682.1,2685.64,2678.91,2682.62,2202080000,1.0
796,2017-12-28,2686.1,2687.66,2682.69,2687.54,2153330000,2.0
797,2017-12-29,2689.15,2692.12,2673.61,2673.61,2443490000,1.0
798,2018-01-02,2683.73,2695.89,2682.36,2695.81,3367250000,1.0
799,2018-01-03,2697.85,2714.37,2697.77,2713.06,3538660000,1.0
800,2018-01-04,2719.31,2729.29,2719.07,2723.99,3695260000,1.0
801,2018-01-05,2731.33,2743.45,2727.92,2743.15,3236620000,1.0
802,2018-01-08,2742.67,2748.51,2737.6,2747.71,3242650000,1.0
803,2018-01-09,2751.15,2759.14,2747.86,2751.29,3453480000,2.0
804,2018-01-10,2745.55,2750.8,2736.06,2748.23,3576350000,1.0
805,2018-01-11,2752.97,2767.56,2752.78,2767.56,3641320000,1.0
806,2018-01-12,2770.18,2787.85,2769.64,2786.24,3573970000,2.0
807,2018-01-16,2798.96,2807.54,2768.64,2776.42,4325970000,1.0
808,2018-01-17,2784.99,2807.04,2778.38,2802.56,3778050000,2.0
809,2018-01-18,2802.4,2805.83,2792.56,2798.03,3681470000,1.0
810,2018-01-19,2802.6,2810.33,2798.08,2810.3,3639430000,1.0
811,2018-01-22,2809.16,2833.03,2808.12,2832.97,3471780000,1.0
812,2018-01-23,2835.05,2842.24,2830.59,2839.13,3519650000,2.0
813,2018-01-24,2845.42,2852.97,2824.81,2837.54,4014070000,1.0
814,2018-01-25,2846.24,2848.56,2830.94,2839.25,3835150000,1.0
815,2018-01-26,2847.48,2872.87,2846.18,2872.87,3443230000,2.0
816,2018-01-29,2867.23,2870.62,2851.48,2853.53,3573830000,2.0
817,2018-01-30,2832.74,2837.75,2818.27,2822.43,3990650000,1.0
818,2018-01-31,2832.41,2839.26,2813.04,2823.81,4261280000,2.0
819,2018-02-01,2816.45,2835.96,2812.7,2821.98,3938450000,2.0
820,2018-02-02,2808.92,2808.92,2759.97,2762.13,4301130000,2.0
821,2018-02-05,2741.06,2763.39,2638.17,2648.94,5283460000,1.0
822,2018-02-06,2614.78,2701.04,2593.07,2695.14,5891660000,2.0
823,2018-02-07,2690.95,2727.67,2681.33,2681.66,4626570000,2.0
824,2018-02-08,2685.01,2685.27,2580.56,2581.0,5305440000,1.0
825,2018-02-09,2601.78,2638.67,2532.69,2619.55,5680070000,1.0
826,2018-02-12,2636.75,2672.61,2622.45,2656.0,4055790000,1.0
827,2018-02-13,2646.27,2668.84,2637.08,2662.94,3472870000,1.0
828,2018-02-14,2651.21,2702.1,2648.87,2698.63,4003740000,1.0
829,2018-02-15,2713.46,2731.51,2689.82,2731.2,3684910000,1.0
830,2018-02-16,2727.14,2754.42,2725.11,2732.22,3637460000,2.0
831,2018-02-20,2722.99,2737.6,2706.76,2716.26,3627610000,2.0
832,2018-02-21,2720.53,2747.75,2701.29,2701.33,3779400000,1.0
833,2018-02-22,2710.42,2731.26,2697.77,2703.96,3701270000,1.0
834,2018-02-23,2715.8,2747.76,2713.74,2747.3,3189190000,1.0
835,2018-02-26,2757.37,2780.64,2753.78,2779.6,3424650000,2.0
836,2018-02-27,2780.45,2789.15,2744.22,2744.28,3745080000,2.0
837,2018-02-28,2753.78,2761.52,2713.54,2713.83,4230660000,2.0
838,2018-03-01,2715.22,2730.89,2659.65,2677.67,4503970000,1.0
839,2018-03-02,2658.89,2696.25,2647.32,2691.25,3882450000,1.0
840,2018-03-05,2681.06,2728.09,2675.75,2720.94,3710810000,1.0
841,2018-03-06,2730.18,2732.08,2711.26,2728.12,3370690000,2.0
842,2018-03-07,2710.18,2730.6,2701.74,2726.8,3393270000,1.0
843,2018-03-08,2732.75,2740.45,2722.65,2738.97,3212320000,1.0
844,2018-03-09,2752.91,2786.57,2751.54,2786.57,3364100000,2.0
845,2018-03-12,2790.54,2796.98,2779.26,2783.02,3185020000,2.0
846,2018-03-13,2792.31,2801.9,2758.68,2765.31,3301650000,2.0
847,2018-03-14,2774.06,2777.11,2744.38,2749.48,3391360000,2.0
848,2018-03-15,2754.27,2763.03,2741.47,2747.33,3500330000,1.0
849,2018-03-16,2750.57,2761.85,2749.97,2752.01,5372340000,2.0
850,2018-03-19,2741.38,2741.38,2694.59,2712.92,3302130000,1.0
851,2018-03-20,2715.05,2724.22,2710.05,2716.94,3261030000,2.0
852,2018-03-21,2714.99,2739.14,2709.79,2711.93,3415510000,2.0
853,2018-03-22,2691.36,2695.68,2641.59,2643.69,3739800000,2.0
854,2018-03-23,2646.71,2657.67,2585.89,2588.26,3815080000,1.0
855,2018-03-26,2619.35,2661.36,2601.81,2658.55,3511100000,2.0
856,2018-03-27,2667.57,2674.78,2596.12,2612.62,3706350000,2.0
857,2018-03-28,2611.3,2632.65,2593.06,2605.0,3864500000,1.0
858,2018-03-29,2614.41,2659.07,2609.72,2640.87,3565990000,2.0
859,2018-04-02,2633.45,2638.3,2553.8,2581.88,3598520000,1.0
860,2018-04-03,2592.17,2619.14,2575.49,2614.45,3392810000,1.0
861,2018-04-04,2584.04,2649.86,2573.61,2644.69,3350340000,1.0
862,2018-04-05,2657.36,2672.08,2649.58,2662.84,3178970000,2.0
863,2018-04-06,2645.82,2656.88,2586.27,2604.47,3299700000,1.0
864,2018-04-09,2617.18,2653.55,2610.79,2613.16,3062960000,1.0
865,2018-04-10,2638.41,2665.45,2635.78,2656.87,3543930000,2.0
866,2018-04-11,2643.89,2661.43,2639.25,2642.19,3020760000,1.0
867,2018-04-12,2653.83,2674.72,2653.83,2663.99,3021320000,2.0
868,2018-04-13,2676.9,2680.26,2645.05,2656.3,2960910000,1.0
869,2018-04-16,2670.1,2686.49,2665.16,2677.84,3019700000,1.0
870,2018-04-17,2692.74,2713.34,2692.05,2706.39,3234360000,1.0
871,2018-04-18,2710.11,2717.49,2703.63,2708.64,3383410000,2.0
872,2018-04-19,2701.16,2702.84,2681.9,2693.13,3349370000,2.0
873,2018-04-20,2692.56,2693.94,2660.61,2670.14,3388590000,1.0
874,2018-04-23,2675.4,2682.86,2657.99,2670.29,3017480000,2.0
875,2018-04-24,2680.8,2683.55,2617.32,2634.56,3706740000,1.0
876,2018-04-25,2634.92,2645.3,2612.67,2639.4,3499440000,1.0
877,2018-04-26,2651.65,2676.48,2647.16,2666.94,3665720000,1.0
878,2018-04-27,2675.47,2677.35,2659.01,2669.91,3219030000,2.0
879,2018-04-30,2682.51,2682.87,2648.04,2648.05,3734530000,1.0
880,2018-05-01,2642.96,2655.27,2625.41,2654.8,3559850000,2.0
881,2018-05-02,2654.24,2660.87,2631.7,2635.67,4010770000,2.0
882,2018-05-03,2628.08,2637.14,2594.62,2629.73,3851470000,1.0
883,2018-05-04,2621.45,2670.93,2615.32,2663.42,3327220000,1.0
884,2018-05-07,2680.34,2683.35,2664.7,2672.63,3237960000,2.0
885,2018-05-08,2670.26,2676.34,2655.2,2671.92,3717570000,1.0
886,2018-05-09,2678.12,2701.27,2674.14,2697.79,3909500000,1.0
887,2018-05-10,2705.02,2726.11,2704.54,2723.07,3333050000,1.0
888,2018-05-11,2722.7,2732.86,2717.45,2727.72,2862700000,1.0
889,2018-05-14,2738.47,2742.1,2725.47,2730.13,2972660000,2.0
890,2018-05-15,2718.59,2718.59,2701.91,2711.45,3290680000,1.0
891,2018-05-16,2712.62,2727.76,2712.17,2722.46,3202670000,2.0
892,2018-05-17,2719.71,2731.96,2711.36,2720.13,3475400000,2.0
893,2018-05-18,2717.35,2719.5,2709.18,2712.97,3368690000,1.0
894,2018-05-21,2735.39,2739.19,2725.7,2733.01,3019890000,2.0
895,2018-05-22,2738.34,2742.24,2721.88,2724.44,3366310000,1.0
896,2018-05-23,2713.98,2733.33,2709.54,2733.29,3326290000,2.0
897,2018-05-24,2730.94,2731.97,2707.38,2727.76,3256030000,2.0
898,2018-05-25,2723.6,2727.36,2714.99,2721.33,2995260000,2.0
899,2018-05-29,2705.11,2710.67,2676.81,2689.86,3736890000,1.0
900,2018-05-30,2702.43,2729.34,2702.43,2724.01,3561050000,2.0
901,2018-05-31,2720.98,2722.5,2700.68,2705.27,4235370000,1.0
902,2018-06-01,2718.7,2736.93,2718.7,2734.62,3684130000,1.0
903,2018-06-04,2741.67,2749.16,2740.54,2746.87,3376510000,1.0
904,2018-06-05,2748.46,2752.61,2739.51,2748.8,3517790000,1.0
905,2018-06-06,2753.25,2772.39,2748.46,2772.35,3651640000,2.0
906,2018-06-07,2774.84,2779.9,2760.16,2770.37,3711330000,1.0
907,2018-06-08,2765.84,2779.39,2763.59,2779.03,3123210000,1.0
908,2018-06-11,2780.18,2790.21,2780.17,2782.0,3232330000,1.0
909,2018-06-12,2785.6,2789.8,2778.78,2786.85,3401010000,2.0
910,2018-06-13,2787.94,2791.47,2774.65,2775.63,3779230000,1.0
911,2018-06-14,2783.21,2789.06,2776.52,2782.49,3526890000,2.0
912,2018-06-15,2777.78,2782.81,2761.73,2779.66,5428790000,2.0
913,2018-06-18,2765.79,2774.99,2757.12,2773.75,3287150000,2.0
914,2018-06-19,2752.01,2765.05,2743.19,2762.59,3661470000,1.0
915,2018-06-20,2769.73,2774.86,2763.91,2767.32,3327600000,2.0
916,2018-06-21,2769.28,2769.28,2744.39,2749.76,3300060000,1.0
917,2018-06-22,2760.79,2764.17,2752.68,2754.88,5450550000,2.0
918,2018-06-25,2742.94,2742.94,2698.67,2717.07,3655080000,1.0
919,2018-06-26,2722.12,2732.91,2715.6,2723.06,3555090000,2.0
920,2018-06-27,2728.45,2746.09,2699.38,2699.63,3776090000,1.0
921,2018-06-28,2698.69,2724.34,2691.99,2716.31,3428140000,1.0
922,2018-06-29,2727.13,2743.26,2718.03,2718.37,3565620000,1.0
923,2018-07-02,2704.95,2727.26,2698.95,2726.71,3073650000,2.0
924,2018-07-03,2733.27,2736.58,2711.16,2713.22,1911470000,1.0
925,2018-07-05,2724.19,2737.83,2716.02,2736.61,2953420000,1.0
926,2018-07-06,2737.68,2764.41,2733.52,2759.82,2554780000,1.0
927,2018-07-09,2775.62,2784.65,2770.73,2784.17,3050040000,1.0
928,2018-07-10,2788.56,2795.58,2786.24,2793.84,3063850000,2.0
929,2018-07-11,2779.82,2785.91,2770.77,2774.02,2964740000,1.0
930,2018-07-12,2783.14,2799.22,2781.53,2798.29,2821690000,1.0
931,2018-07-13,2796.93,2804.53,2791.69,2801.31,2614000000,2.0
932,2018-07-16,2797.36,2801.19,2793.39,2798.43,2812230000,1.0
933,2018-07-17,2789.34,2814.19,2789.24,2809.55,3050730000,1.0
934,2018-07-18,2811.35,2816.76,2805.89,2815.62,3089780000,2.0
935,2018-07-19,2809.37,2812.05,2799.77,2804.49,3266700000,2.0
936,2018-07-20,2804.55,2809.7,2800.01,2801.83,3230210000,1.0
937,2018-07-23,2799.17,2808.61,2795.14,2806.98,2907430000,1.0
938,2018-07-24,2820.68,2829.99,2811.12,2820.4,3417530000,1.0
939,2018-07-25,2817.73,2848.03,2817.73,2846.07,3553010000,2.0
940,2018-07-26,2835.49,2845.57,2835.26,2837.44,3653330000,2.0
941,2018-07-27,2842.35,2843.17,2808.34,2818.82,3415710000,2.0
942,2018-07-30,2819.0,2821.74,2798.11,2802.6,3245770000,1.0
943,2018-07-31,2809.73,2824.46,2808.06,2816.29,3892100000,2.0
944,2018-08-01,2821.17,2825.83,2805.85,2813.36,3496990000,1.0
945,2018-08-02,2800.48,2829.91,2796.34,2827.22,3467380000,1.0
946,2018-08-03,2829.62,2840.38,2827.37,2840.35,3030390000,1.0
947,2018-08-06,2840.29,2853.29,2835.98,2850.4,2874540000,1.0
948,2018-08-07,2855.92,2863.43,2855.92,2858.45,3162770000,2.0
949,2018-08-08,2856.79,2862.44,2853.09,2857.7,2972200000,2.0
950,2018-08-09,2857.19,2862.48,2851.98,2853.58,3047050000,2.0
951,2018-08-10,2838.9,2842.2,2825.81,2833.28,3256040000,2.0
952,2018-08-13,2835.46,2843.4,2819.88,2821.93,3158450000,1.0
953,2018-08-14,2827.88,2843.11,2826.58,2839.96,2976970000,2.0
954,2018-08-15,2827.95,2827.95,2802.49,2818.37,3645070000,1.0
955,2018-08-16,2831.44,2850.49,2831.44,2840.69,3219880000,1.0
956,2018-08-17,2838.32,2855.63,2833.73,2850.13,3024100000,1.0
957,2018-08-20,2853.93,2859.76,2850.62,2857.05,2748020000,1.0
958,2018-08-21,2861.51,2873.23,2861.32,2862.96,3147140000,2.0
959,2018-08-22,2860.99,2867.54,2856.05,2861.82,2689560000,2.0
960,2018-08-23,2860.29,2868.78,2854.03,2856.98,2713910000,1.0
961,2018-08-24,2862.35,2876.16,2862.35,2874.69,2596190000,1.0
962,2018-08-27,2884.69,2898.25,2884.69,2896.74,2854080000,1.0
963,2018-08-28,2901.45,2903.77,2893.5,2897.52,2683190000,1.0
964,2018-08-29,2900.62,2916.5,2898.4,2914.04,2791860000,2.0
965,2018-08-30,2908.94,2912.46,2895.22,2901.13,2802180000,1.0
966,2018-08-31,2898.37,2906.32,2891.73,2901.52,2880260000,2.0
967,2018-09-04,2896.96,2900.18,2885.13,2896.72,3077060000,2.0
968,2018-09-05,2891.59,2894.21,2876.92,2888.6,3241250000,2.0
969,2018-09-06,2888.64,2892.05,2867.29,2878.05,3139590000,2.0
970,2018-09-07,2868.26,2883.81,2864.12,2871.68,2946270000,1.0
971,2018-09-10,2881.39,2886.93,2875.94,2877.13,2731400000,1.0
972,2018-09-11,2871.57,2892.52,2866.78,2887.89,2899660000,1.0
973,2018-09-12,2888.29,2894.65,2879.2,2888.92,3264930000,1.0
974,2018-09-13,2896.85,2906.76,2896.39,2904.18,3254930000,1.0
975,2018-09-14,2906.38,2908.3,2895.77,2904.98,3149800000,2.0
976,2018-09-17,2903.83,2904.65,2886.16,2888.8,2947760000,1.0
977,2018-09-18,2890.74,2911.17,2890.43,2904.31,3074610000,1.0
978,2018-09-19,2906.6,2912.36,2903.82,2907.95,3280020000,1.0
979,2018-09-20,2919.73,2934.8,2919.73,2930.75,3337730000,2.0
980,2018-09-21,2936.76,2940.91,2927.11,2929.67,5607610000,2.0
981,2018-09-24,2921.83,2923.79,2912.63,2919.37,3372210000,2.0
982,2018-09-25,2921.75,2923.95,2913.7,2915.56,3285480000,2.0
983,2018-09-26,2916.98,2931.15,2903.28,2905.97,3388620000,1.0
984,2018-09-27,2911.65,2927.22,2909.27,2914.0,3060850000,2.0
985,2018-09-28,2910.03,2920.53,2907.5,2913.98,3432300000,1.0
986,2018-10-01,2926.29,2937.06,2917.91,2924.59,3364190000,2.0
987,2018-10-02,2923.8,2931.42,2919.37,2923.43,3401880000,1.0
988,2018-10-03,2931.69,2939.86,2921.36,2925.51,3598710000,2.0
989,2018-10-04,2919.35,2919.78,2883.92,2901.61,3496860000,2.0
990,2018-10-05,2902.54,2909.64,2869.29,2885.57,3328980000,2.0
991,2018-10-08,2877.53,2889.45,2862.08,2884.43,3330320000,2.0
992,2018-10-09,2882.51,2894.83,2874.27,2880.34,3520500000,2.0
993,2018-10-10,2873.9,2874.02,2784.86,2785.68,4501250000,2.0
994,2018-10-11,2776.87,2795.14,2710.51,2728.37,4890630000,1.0
995,2018-10-12,2770.54,2775.77,2729.44,2767.13,3966040000,2.0
996,2018-10-15,2763.83,2775.99,2749.03,2750.79,3300140000,1.0
997,2018-10-16,2767.05,2813.46,2766.91,2809.92,3428340000,2.0
998,2018-10-17,2811.67,2816.94,2781.81,2809.21,3321710000,2.0
999,2018-10-18,2802.0,2806.04,2755.18,2768.78,3616440000,2.0
1000,2018-10-19,2775.66,2797.77,2760.27,2767.78,3566490000,2.0
1001,2018-10-22,2773.94,2778.94,2749.22,2755.88,3307140000,2.0
1002,2018-10-23,2721.03,2753.59,2691.43,2740.69,4348580000,2.0
1003,2018-10-24,2737.87,2742.59,2651.89,2656.1,4709310000,1.0
1004,2018-10-25,2674.88,2722.7,2667.84,2705.57,4634770000,2.0
1005,2018-10-26,2667.86,2692.38,2628.16,2658.69,4803150000,2.0
1006,2018-10-29,2682.65,2706.85,2603.54,2641.25,4673700000,1.0
1007,2018-10-30,2640.68,2685.43,2635.34,2682.63,5106380000,1.0
1008,2018-10-31,2705.6,2736.69,2705.6,2711.74,5112420000,1.0
1009,2018-11-01,2717.58,2741.67,2708.85,2740.37,4708420000,2.0
1010,2018-11-02,2745.45,2756.55,2700.44,2723.06,4237930000,1.0
1011,2018-11-05,2726.37,2744.27,2717.94,2738.31,3623320000,1.0
1012,2018-11-06,2738.4,2756.82,2737.08,2755.45,3510860000,1.0
1013,2018-11-07,2774.13,2815.15,2774.13,2813.89,3914750000,2.0
1014,2018-11-08,2806.38,2814.75,2794.99,2806.83,3630490000,2.0
1015,2018-11-09,2794.1,2794.1,2764.24,2781.01,4019090000,2.0
1016,2018-11-12,2773.93,2775.99,2722.0,2726.22,3670930000,2.0
1017,2018-11-13,2730.05,2754.6,2714.98,2722.18,4091440000,2.0
1018,2018-11-14,2737.9,2746.8,2685.75,2701.58,4402370000,1.0
1019,2018-11-15,2693.52,2735.38,2670.75,2730.2,4179140000,1.0
1020,2018-11-16,2718.54,2746.75,2712.16,2736.27,3975180000,2.0
1021,2018-11-19,2730.74,2733.16,2681.09,2690.73,3772900000,2.0
1022,2018-11-20,2654.6,2669.44,2631.52,2641.89,4357900000,1.0
1023,2018-11-21,2657.74,2670.73,2649.82,2649.93,3233550000,2.0
1024,2018-11-23,2633.36,2647.55,2631.09,2632.56,1651650000,1.0
1025,2018-11-26,2649.97,2674.35,2649.97,2673.45,3443950000,1.0
1026,2018-11-27,2663.75,2682.53,2655.89,2682.17,3485220000,1.0
1027,2018-11-28,2691.45,2744.0,2684.38,2743.79,3951670000,2.0
1028,2018-11-29,2736.97,2753.75,2722.94,2737.8,3560770000,1.0
1029,2018-11-30,2737.76,2760.88,2732.76,2760.17,4658580000,1.0
1030,2018-12-03,2790.5,2800.18,2773.38,2790.37,4186060000,2.0
1031,2018-12-04,2782.43,2785.93,2697.18,2700.06,4499840000,2.0
1032,2018-12-06,2663.51,2696.15,2621.53,2695.95,5141470000,2.0
1033,2018-12-07,2691.26,2708.54,2623.14,2633.08,4216690000,1.0
1034,2018-12-10,2630.86,2647.51,2583.23,2637.72,4151030000,2.0
1035,2018-12-11,2664.44,2674.35,2621.3,2636.78,3905870000,1.0
1036,2018-12-12,2658.23,2685.44,2650.26,2651.07,3958890000,2.0
1037,2018-12-13,2658.7,2670.19,2637.27,2650.54,3927720000,2.0
1038,2018-12-14,2629.68,2635.07,2593.84,2599.95,4035020000,2.0
1039,2018-12-17,2590.75,2601.13,2530.54,2545.94,4616350000,1.0
1040,2018-12-18,2559.9,2573.99,2528.71,2546.16,4470880000,2.0
1041,2018-12-19,2547.05,2585.29,2488.96,2506.96,5127940000,2.0
1042,2018-12-20,2496.77,2509.63,2441.18,2467.42,5585780000,2.0
1043,2018-12-21,2465.38,2504.41,2408.55,2416.62,7609010000,2.0
1044,2018-12-24,2400.56,2410.34,2351.1,2351.1,2613930000,1.0
1045,2018-12-26,2363.12,2467.76,2346.58,2467.7,4233990000,1.0
1046,2018-12-27,2442.5,2489.1,2397.94,2488.83,4096610000,2.0
1047,2018-12-28,2498.77,2520.27,2472.89,2485.74,3702620000,1.0
1048,2018-12-31,2498.94,2509.24,2482.82,2506.85,3442870000,1.0
1049,2019-01-02,2476.96,2519.49,2467.47,2510.03,3733160000,2.0
1050,2019-01-03,2491.92,2493.14,2443.96,2447.89,3822860000,1.0
1051,2019-01-04,2474.33,2538.07,2474.33,2531.94,4213410000,1.0
1052,2019-01-07,2535.61,2566.16,2524.56,2549.69,4104710000,1.0
1053,2019-01-08,2568.11,2579.82,2547.56,2574.41,4083030000,1.0
1054,2019-01-09,2580.0,2595.32,2568.89,2584.96,4052480000,1.0
1055,2019-01-10,2573.51,2597.82,2562.02,2596.64,3704500000,2.0
1056,2019-01-11,2588.11,2596.27,2577.4,2596.26,3434490000,2.0
1057,2019-01-14,2580.31,2589.32,2570.41,2582.61,3664450000,1.0
1058,2019-01-15,2585.1,2613.08,2585.1,2610.3,3572330000,1.0
1059,2019-01-16,2614.75,2625.76,2612.68,2616.1,3863770000,1.0
1060,2019-01-17,2609.28,2645.06,2606.36,2635.96,3772270000,1.0
1061,2019-01-18,2651.27,2675.47,2647.58,2670.71,3986730000,2.0
1062,2019-01-22,2657.88,2657.88,2617.27,2632.9,3908030000,1.0
1063,2019-01-23,2643.48,2653.19,2612.86,2638.7,3335610000,1.0
1064,2019-01-24,2638.84,2647.2,2627.01,2642.33,3433250000,1.0
1065,2019-01-25,2657.44,2672.38,2657.33,2664.76,3814080000,2.0
1066,2019-01-28,2644.97,2644.97,2624.06,2643.85,3612810000,2.0
1067,2019-01-29,2644.89,2650.93,2631.05,2640.0,3504200000,1.0
1068,2019-01-30,2653.62,2690.44,2648.34,2681.05,3867810000,1.0
1069,2019-01-31,2685.49,2708.95,2678.65,2704.1,4917650000,1.0
1070,2019-02-01,2702.32,2716.66,2696.88,2706.53,3759270000,1.0
1071,2019-02-04,2706.49,2724.99,2698.75,2724.87,3359840000,1.0
1072,2019-02-05,2728.34,2738.98,2724.03,2737.7,3560430000,2.0
1073,2019-02-06,2735.05,2738.08,2724.15,2731.61,3472690000,2.0
1074,2019-02-07,2717.53,2719.32,2687.26,2706.05,4099490000,1.0
1075,2019-02-08,2692.36,2708.07,2681.83,2707.88,3622330000,1.0
1076,2019-02-11,2712.4,2718.05,2703.79,2709.8,3361970000,1.0
1077,2019-02-12,2722.61,2748.19,2722.61,2744.73,3827770000,1.0
1078,2019-02-13,2750.3,2761.85,2748.63,2753.03,3670770000,2.0
1079,2019-02-14,2743.5,2757.9,2731.23,2745.73,3836700000,1.0
1080,2019-02-15,2760.24,2775.66,2760.24,2775.6,3641370000,1.0
1081,2019-02-19,2769.28,2787.33,2767.29,2779.76,3533710000,1.0
1082,2019-02-20,2779.05,2789.88,2774.06,2784.7,3835450000,2.0
1083,2019-02-21,2780.24,2781.58,2764.55,2774.88,3559710000,1.0
1084,2019-02-22,2780.67,2794.2,2779.11,2792.67,3427810000,1.0
1085,2019-02-25,2804.35,2813.49,2794.99,2796.11,3804380000,2.0
1086,2019-02-26,2792.36,2803.12,2789.47,2793.9,3645680000,2.0
1087,2019-02-27,2787.5,2795.76,2775.13,2792.38,3767130000,2.0
1088,2019-02-28,2788.11,2793.73,2782.51,2784.49,4396930000,1.0
1089,2019-03-01,2798.22,2808.02,2787.38,2803.69,3972280000,2.0
1090,2019-03-04,2814.37,2816.88,2767.66,2792.81,3919810000,2.0
1091,2019-03-05,2794.41,2796.44,2782.97,2789.65,3585690000,2.0
1092,2019-03-06,2790.27,2790.27,2768.69,2771.45,3786600000,2.0
1093,2019-03-07,2766.53,2767.25,2739.09,2748.93,3904860000,2.0
1094,2019-03-08,2730.79,2744.13,2722.27,2743.07,3423130000,1.0
1095,2019-03-11,2747.61,2784.0,2747.61,2783.3,3749030000,1.0
1096,2019-03-12,2787.34,2798.32,2786.73,2791.52,3414230000,1.0
1097,2019-03-13,2799.78,2821.24,2799.78,2810.92,3766150000,2.0
1098,2019-03-14,2810.38,2815.0,2803.46,2808.48,3469730000,1.0
1099,2019-03-15,2810.79,2830.73,2810.79,2822.48,5962730000,1.0
1100,2019-03-18,2822.61,2835.41,2821.99,2832.94,3552190000,2.0
1101,2019-03-19,2840.76,2852.42,2823.27,2832.57,3620220000,2.0
1102,2019-03-20,2831.34,2843.54,2812.43,2824.23,3771200000,1.0
1103,2019-03-21,2819.72,2860.31,2817.38,2854.88,3546800000,2.0
1104,2019-03-22,2844.52,2846.16,2800.47,2800.71,4237200000,2.0
1105,2019-03-25,2796.01,2809.79,2785.02,2798.36,3376580000,1.0
1106,2019-03-26,2812.66,2829.87,2803.99,2818.46,3266050000,2.0
1107,2019-03-27,2819.72,2825.56,2787.72,2805.37,3372930000,1.0
1108,2019-03-28,2809.4,2819.71,2798.77,2815.44,3158170000,1.0
1109,2019-03-29,2828.27,2836.03,2819.23,2834.4,3740700000,1.0
1110,2019-04-01,2848.63,2869.4,2848.63,2867.19,3500760000,1.0
1111,2019-04-02,2868.24,2872.9,2858.75,2867.24,3246900000,1.0
1112,2019-04-03,2876.09,2885.25,2865.17,2873.4,3550240000,1.0
1113,2019-04-04,2873.99,2881.28,2867.14,2879.39,3015180000,1.0
1114,2019-04-05,2884.16,2893.24,2882.99,2892.74,3146820000,1.0
1115,2019-04-08,2888.46,2895.95,2880.78,2895.77,3054030000,2.0
1116,2019-04-09,2886.58,2886.88,2873.33,2878.2,3007980000,1.0
1117,2019-04-10,2881.37,2889.71,2879.13,2888.21,3062380000,1.0
1118,2019-04-11,2891.92,2893.42,2881.99,2888.32,2938540000,1.0
1119,2019-04-12,2900.86,2910.54,2898.37,2907.41,3688490000,2.0
1120,2019-04-15,2908.32,2909.6,2896.48,2905.58,3088330000,1.0
1121,2019-04-16,2912.26,2916.06,2900.71,2907.06,3402210000,2.0
1122,2019-04-17,2916.04,2918.0,2895.45,2900.45,3602300000,1.0
1123,2019-04-18,2904.81,2908.4,2891.9,2905.03,3506850000,1.0
1124,2019-04-22,2898.78,2909.51,2896.35,2907.97,2997950000,1.0
1125,2019-04-23,2909.99,2936.31,2908.53,2933.68,3635030000,2.0
1126,2019-04-24,2934.0,2936.83,2926.05,2927.25,3448960000,2.0
1127,2019-04-25,2928.99,2933.1,2912.84,2926.17,3425280000,1.0
1128,2019-04-26,2925.81,2939.88,2917.56,2939.88,3248500000,1.0
1129,2019-04-29,2940.58,2949.52,2939.35,2943.03,3118780000,1.0
1130,2019-04-30,2937.14,2948.22,2924.11,2945.83,3919330000,2.0
1131,2019-05-01,2952.33,2954.13,2923.36,2923.73,3645850000,2.0
1132,2019-05-02,2922.16,2931.68,2900.5,2917.52,3778890000,1.0
1133,2019-05-03,2929.21,2947.85,2929.21,2945.64,3338120000,2.0
1134,2019-05-06,2908.89,2937.32,2898.21,2932.47,3181520000,2.0
1135,2019-05-07,2913.03,2913.03,2862.6,2884.05,3767100000,2.0
1136,2019-05-08,2879.61,2897.96,2873.28,2879.42,3485790000,2.0
1137,2019-05-09,2859.84,2875.97,2836.4,2870.72,3638820000,1.0
1138,2019-05-10,2863.1,2891.31,2825.39,2881.4,3529600000,2.0
1139,2019-05-13,2840.19,2840.19,2801.43,2811.87,3894030000,1.0
1140,2019-05-14,2820.12,2852.54,2820.12,2834.41,3322720000,1.0
1141,2019-05-15,2820.38,2858.68,2815.08,2850.96,3125950000,1.0
1142,2019-05-16,2855.8,2892.15,2855.8,2876.32,3338060000,2.0
1143,2019-05-17,2858.6,2885.48,2854.23,2859.53,3257950000,2.0
1144,2019-05-20,2841.94,2853.86,2831.29,2840.23,3288870000,1.0
1145,2019-05-21,2854.02,2868.88,2854.02,2864.36,3218700000,2.0
1146,2019-05-22,2856.06,2865.47,2851.11,2856.27,3192510000,2.0
1147,2019-05-23,2836.7,2836.7,2805.49,2822.24,3891980000,1.0
1148,2019-05-24,2832.41,2841.36,2820.19,2826.06,2887390000,2.0
1149,2019-05-28,2830.03,2840.51,2801.58,2802.39,4121410000,2.0
1150,2019-05-29,2790.25,2792.03,2766.06,2783.02,3700050000,1.0
1151,2019-05-30,2786.94,2799.0,2776.74,2788.86,3273790000,2.0
1152,2019-05-31,2766.15,2768.98,2750.52,2752.06,3981020000,2.0
1153,2019-06-03,2751.53,2763.07,2728.81,2744.45,3966700000,1.0
1154,2019-06-04,2762.64,2804.49,2762.64,2803.27,3810430000,1.0
1155,2019-06-05,2818.09,2827.28,2800.92,2826.15,3548830000,1.0
1156,2019-06-06,2828.51,2852.1,2822.45,2843.49,3396410000,1.0
1157,2019-06-07,2852.87,2884.97,2852.87,2873.34,3220250000,1.0
1158,2019-06-10,2885.83,2904.77,2885.51,2886.73,3209210000,2.0
1159,2019-06-11,2903.27,2910.61,2878.53,2885.72,3548420000,2.0
1160,2019-06-12,2882.73,2888.57,2874.68,2879.84,3034130000,1.0
1161,2019-06-13,2886.24,2895.24,2881.99,2891.64,3069810000,2.0
1162,2019-06-14,2886.82,2894.45,2879.62,2886.98,2922330000,1.0
1163,2019-06-17,2889.75,2897.27,2887.3,2889.67,2810140000,1.0
1164,2019-06-18,2906.71,2930.79,2905.44,2917.75,3437620000,1.0
1165,2019-06-19,2920.55,2931.74,2911.43,2926.46,3287890000,1.0
1166,2019-06-20,2949.6,2958.06,2931.5,2954.18,3905940000,2.0
1167,2019-06-21,2952.71,2964.15,2946.87,2950.46,5000120000,2.0
1168,2019-06-24,2951.42,2954.92,2944.05,2945.35,3136250000,2.0
1169,2019-06-25,2945.78,2946.52,2916.01,2917.38,3578050000,2.0
1170,2019-06-26,2926.07,2932.59,2912.99,2913.78,3478130000,1.0
1171,2019-06-27,2919.66,2929.3,2918.57,2924.92,3122920000,1.0
1172,2019-06-28,2932.94,2943.98,2929.05,2941.76,5420700000,1.0
1173,2019-07-01,2971.41,2977.93,2952.22,2964.33,3513270000,1.0
1174,2019-07-02,2964.66,2973.21,2955.92,2973.01,3206840000,1.0
1175,2019-07-03,2978.08,2995.84,2977.96,2995.82,1963720000,2.0
1176,2019-07-05,2984.25,2994.03,2967.97,2990.41,2434210000,2.0
1177,2019-07-08,2979.77,2980.76,2970.09,2975.95,2904550000,1.0
1178,2019-07-09,2965.52,2981.9,2963.44,2979.63,3028210000,1.0
1179,2019-07-10,2989.3,3002.98,2984.62,2993.07,3154240000,1.0
1180,2019-07-11,2999.62,3002.33,2988.8,2999.91,3154620000,1.0
1181,2019-07-12,3003.36,3013.92,3001.87,3013.77,2974960000,1.0
1182,2019-07-15,3017.8,3017.8,3008.77,3014.3,2874970000,2.0
1183,2019-07-16,3012.13,3015.02,3001.15,3004.04,3290650000,2.0
1184,2019-07-17,3005.1,3005.26,2984.25,2984.42,3181600000,1.0
1185,2019-07-18,2978.87,2998.28,2973.09,2995.11,3296580000,2.0
1186,2019-07-19,3004.26,3006.02,2975.86,2976.61,3260360000,1.0
1187,2019-07-22,2981.93,2990.71,2976.65,2985.03,3003720000,1.0
1188,2019-07-23,2994.74,3005.9,2988.56,3005.47,3313660000,1.0
1189,2019-07-24,2998.77,3019.59,2996.82,3019.56,3428980000,2.0
1190,2019-07-25,3016.26,3016.31,2997.24,3003.67,3645270000,1.0
1191,2019-07-26,3013.25,3027.98,3012.59,3025.86,3257590000,2.0
1192,2019-07-29,3024.47,3025.61,3014.3,3020.97,3203710000,2.0
1193,2019-07-30,3007.66,3017.19,3000.94,3013.18,3634330000,2.0
1194,2019-07-31,3016.22,3017.4,2958.08,2980.38,4623430000,2.0
1195,2019-08-01,2980.32,3013.59,2945.23,2953.56,4762300000,2.0
1196,2019-08-02,2943.9,2945.5,2914.11,2932.05,3874660000,2.0
1197,2019-08-05,2898.07,2898.07,2822.12,2844.74,4513730000,1.0
1198,2019-08-06,2861.18,2884.4,2847.42,2881.77,4154240000,1.0
1199,2019-08-07,2858.65,2892.17,2825.71,2883.98,4491750000,1.0
1200,2019-08-08,2896.21,2938.72,2894.47,2938.09,4106370000,2.0
1201,2019-08-09,2930.51,2935.75,2900.15,2918.65,3350640000,2.0
1202,2019-08-12,2907.07,2907.58,2873.14,2882.7,2851630000,1.0
1203,2019-08-13,2880.72,2943.31,2877.05,2926.32,3853600000,2.0
1204,2019-08-14,2894.15,2894.15,2839.64,2840.6,4312530000,1.0
1205,2019-08-15,2846.2,2856.67,2825.51,2847.6,4038000000,1.0
1206,2019-08-16,2864.74,2893.63,2864.74,2888.68,3498150000,1.0
1207,2019-08-19,2913.48,2931.0,2913.48,2923.65,3212880000,2.0
1208,2019-08-20,2919.01,2923.63,2899.6,2900.51,3066300000,1.0
1209,2019-08-21,2922.04,2928.73,2917.91,2924.43,3011190000,2.0
1210,2019-08-22,2930.94,2939.08,2904.51,2922.95,2890880000,2.0
1211,2019-08-23,2911.07,2927.01,2834.97,2847.11,3937300000,1.0
1212,2019-08-26,2866.7,2879.27,2856.0,2878.38,2857600000,2.0
1213,2019-08-27,2893.14,2898.79,2860.59,2869.16,3533630000,1.0
1214,2019-08-28,2861.28,2890.03,2853.05,2887.94,3097420000,1.0
1215,2019-08-29,2910.37,2930.5,2905.67,2924.58,3176190000,1.0
1216,2019-08-30,2937.09,2940.43,2913.32,2926.46,3008450000,2.0
1217,2019-09-03,2909.01,2914.39,2891.85,2906.27,3426790000,1.0
1218,2019-09-04,2924.67,2938.84,2921.86,2937.78,3163260000,1.0
1219,2019-09-05,2960.6,2985.86,2960.6,2976.0,3890700000,1.0
1220,2019-09-06,2980.33,2985.03,2972.51,2978.71,3208280000,2.0
1221,2019-09-09,2988.43,2989.43,2969.39,2978.43,4002890000,1.0
1222,2019-09-10,2971.01,2979.39,2957.01,2979.39,4390770000,1.0
1223,2019-09-11,2981.41,3000.93,2975.31,3000.93,3927550000,1.0
1224,2019-09-12,3009.08,3020.74,3000.92,3009.57,3791860000,2.0
1225,2019-09-13,3012.21,3017.33,3002.9,3007.39,3520060000,2.0
1226,2019-09-16,2996.41,3002.19,2990.67,2997.96,4274640000,1.0
1227,2019-09-17,2995.67,3006.21,2993.73,3005.7,3671840000,1.0
1228,2019-09-18,3001.5,3007.83,2978.57,3006.73,3435540000,1.0
1229,2019-09-19,3010.36,3021.99,3003.16,3006.79,3251290000,2.0
1230,2019-09-20,3008.42,3016.37,2984.68,2992.07,6094740000,2.0
1231,2019-09-23,2983.5,2999.15,2982.23,2991.78,3186590000,2.0
1232,2019-09-24,3002.43,3007.98,2957.73,2966.6,3868160000,1.0
1233,2019-09-25,2968.35,2989.82,2952.86,2984.87,3318870000,2.0
1234,2019-09-26,2985.73,2987.28,2963.71,2977.62,3077240000,2.0
1235,2019-09-27,2985.47,2987.31,2945.53,2961.79,3243650000,1.0
1236,2019-09-30,2967.07,2983.85,2967.07,2976.74,3247610000,2.0
1237,2019-10-01,2983.69,2992.53,2938.7,2940.25,3558040000,2.0
1238,2019-10-02,2924.78,2924.78,2874.93,2887.61,3912520000,1.0
1239,2019-10-03,2885.38,2911.13,2855.94,2910.63,3503640000,1.0
1240,2019-10-04,2918.56,2953.74,2918.56,2952.01,2990830000,2.0
1241,2019-10-07,2944.23,2959.75,2935.68,2938.79,2940140000,2.0
1242,2019-10-08,2920.4,2925.47,2892.66,2893.06,3356450000,1.0
1243,2019-10-09,2911.1,2929.32,2907.41,2919.4,2726820000,1.0
1244,2019-10-10,2918.55,2948.46,2917.12,2938.13,3217250000,1.0
1245,2019-10-11,2963.07,2993.28,2963.07,2970.27,3580460000,2.0
1246,2019-10-14,2965.81,2972.84,2962.94,2966.15,2557020000,1.0
1247,2019-10-15,2973.61,3003.28,2973.61,2995.68,3340740000,2.0
1248,2019-10-16,2989.68,2997.54,2985.2,2989.69,3222570000,1.0
1249,2019-10-17,3000.77,3008.29,2991.79,2997.95,3115960000,2.0
1250,2019-10-18,2996.84,3000.0,2976.31,2986.2,3264290000,1.0
1251,2019-10-21,2996.48,3007.33,2995.35,3006.72,3271620000,2.0
1252,2019-10-22,3010.73,3014.57,2995.04,2995.99,3523890000,1.0
1253,2019-10-23,2994.01,3004.78,2991.21,3004.52,3392870000,1.0
1254,2019-10-24,3014.78,3016.07,3000.42,3010.29,3692600000,1.0
1255,2019-10-25,3003.32,3027.39,3001.94,3022.55,3370370000,1.0
1256,2019-10-28,3032.12,3044.08,3032.12,3039.42,3521230000,
